bytes_sent,bytes_recv,duration,src_port,dst_port,protocol
12021.043019829973,10077.989472761474,3.610187925344575,18816,80,UDP
11680.948279122267,9341.840628598562,6.86284815936923,37475,22,TCP
11923.804999371274,1222.6345647777296,1.7745989678933272,4036,8080,TCP
1398.9714492579162,11346.08661042317,46.040054660590876,10438,80,ICMP
432.1869984918851,3597.7299229435093,37.79713150997377,37558,22,TCP
7263.302578530754,21459.428970965913,13.044772768431395,33908,8080,TCP
7049.803471287868,14792.058210458112,32.50660518485697,43138,8080,UDP
15621.479782747487,5778.621513133467,66.83630521697664,8341,80,TCP
396.4709859175455,7490.14113031875,5.644552486538531,56108,8080,ICMP
5232.804232715822,1133.353655446996,14.26682164877269,32346,80,ICMP
35218.153398904105,5394.639785249722,3.3102468056457206,11024,443,TCP
5445.118140119798,4677.127769179047,0.47184765635851994,21125,443,TCP
865663.6764419039,3681.4565374019726,5.172741732354266,15697,3306,TCP
1934.4741229495567,4911.687086878243,30.070040821157907,30198,80,ICMP
6157.928313307863,33169.285354758504,23.799331044954474,31304,8080,UDP
768.8662691311334,1204.1192066718909,15.765726667828948,29005,3306,UDP
457.8863369509577,720.8317955893777,26.599890502787034,30764,3306,TCP
1575.8960106619643,4802.951593070683,56.51375234974515,59595,443,TCP
4505.99637685079,3205.890585463168,25.111296574126165,62899,80,UDP
2064.926648692447,8295.812945591359,41.668241574987945,32630,443,TCP
6236.929749068121,2246.309741865992,19.14908597212484,63149,8080,UDP
1117.881861061602,15501.082280161838,1.352820919591342,53826,80,ICMP
9189.851320722311,13138.227544927358,15.977765099483811,53920,8080,TCP
6135.429316071296,1661.5274768448596,58.73232275887184,15581,443,UDP
3278.980769815003,1077.8056154365242,27.468120956933358,29307,8080,ICMP
2085.4335315590833,9058.867695534007,136.6611533671061,23737,8080,ICMP
2266.598446491328,270.1980321414967,29.85741453334962,7246,22,TCP
38538.57352782737,2450.44681790241,49.149371013992976,5868,8080,TCP
898.1612718727688,16071.608157417266,54.194748492402226,41177,3306,ICMP
3426.602258021251,1094.197529285289,23.08776382020229,28166,443,ICMP
1943.4011807991064,6891.053371439083,19.394497841610587,54292,22,TCP
6321.034287825532,4986.491476506566,29.989820689338707,44162,8080,UDP
3542.4531370806267,26604.393348963335,52.756356512516625,6518,3306,UDP
1189.6497714900818,3649.8594009521626,41.74385010318787,55094,22,ICMP
2305.441681287356,13565.967299763184,39.455599230013405,33027,443,ICMP
3207.7836859525705,18874.233479553328,5.250588259744247,37531,3306,UDP
1719.1668071889662,1307.1850820009142,15.61264200003762,63321,3306,ICMP
1609.5561045315526,5197.558112702541,36.41013057765552,42315,22,TCP
4394.573410962723,5957.992522886487,19.587240221005946,2461,80,TCP
1484.7360446439973,5135.876391866141,75.88129981615309,12459,443,ICMP
6668.512125159417,13965.95061845746,1.78466230642017,28528,22,TCP
6954.319931229536,407.74476204430476,11.158545700565845,3424,8080,ICMP
5420.414639825965,2156.1088347107325,1.5538673257799234,11827,8080,TCP
365.14173990217904,1691.2776884995692,10.515157763942224,52096,3306,UDP
5670.337508613773,703.4889011331855,0.4001294570471187,10235,80,TCP
6771.689939325863,2073.4436623666884,123.01974852999206,11799,22,ICMP
5610.1982572871375,3044.8018355201452,30.029117151298966,33581,8080,UDP
1400.245601182116,3135.55355889125,26.23166260630117,6905,3306,TCP
1604.6809551801618,249.33373204259357,27.062516541250346,17518,80,UDP
828.6795365079911,5821.917292423298,11.76071890618998,61507,3306,TCP
1771.8175634573088,1383.577498788825,5.931197124311687,41760,80,ICMP
105.69878204893905,4230.326224354656,32.62879206453753,63181,80,TCP
836.7819805785673,5224.459943218977,4.423304770421162,23877,3306,UDP
6575.284222735782,7234.625824903786,1.602639864812798,40779,8080,UDP
19978.781355924195,3814.4678526021926,13.086048307038453,16413,3306,TCP
2817.6904619431743,689.5688697579219,27.89832167227978,25450,8080,TCP
1420.1985080041395,94.81884852072726,2.9475359973747763,12291,8080,UDP
198878.1269536178,3990.3895998332896,55.250234902254874,54777,22,UDP
1806.7111146745647,12690.464946754448,24.85585373156313,12897,22,TCP
648.1680161180066,27998.42802696446,80.41432266251232,14230,22,TCP
5416.62567435805,10499.921981753005,1.333032794725956,30944,443,ICMP
6879.244267587218,3543.5094370517318,0.46894327721283635,28724,3306,ICMP
7539.045653214036,21399.938266659163,9.111266437592617,21270,443,UDP
26549.413978798886,19179.723663840134,1.003077709929623,24055,8080,ICMP
10533.301173883818,11623.55009385478,48.38576794115925,20056,8080,TCP
8224.32920247791,19736.198721900797,39.49874552903782,59903,22,ICMP
5217.457409883018,10994.433579226434,15.986996694428795,38464,8080,ICMP
2962.620994803955,5958.845502793886,5.9906458178296935,60359,80,TCP
222.26778135923598,12394.314274102611,24.168525920883397,64684,443,UDP
4783.01393410099,7955.986924887293,24.518622882812963,43013,22,ICMP
3106.9154374647155,18346.245581521518,48.04438149936658,54288,443,UDP
7539.806875547955,1966.1319642137082,6.289290751411847,8167,3306,TCP
10140.007905781233,1200.2237853029903,41.222516324406186,62271,3306,UDP
1660.344073486351,4874.593442337101,35.079160825529584,32130,8080,ICMP
248.75360601863068,965.3129398489438,17.091332513894965,47048,443,TCP
4624.111175613869,4990.550949364295,1.579105821856421,16850,80,UDP
12767.096998970237,9075.74904826382,3.7295168981102043,7184,8080,UDP
4105.35798304228,15248.465473626173,3.360192557365789,58110,3306,UDP
10654.714429221882,27995.6944515507,23.643652426273984,30018,22,TCP
3765.0737266991628,3033.1426177672342,57.77351029744993,9952,3306,TCP
6569.970238219545,3855.5250169692613,32.553449369558145,43502,3306,ICMP
1443.9149734190257,3501.486593635919,8.132108050573446,4527,22,ICMP
672.0862541934417,373.50043328653635,28.52647923694657,30084,443,UDP
712.4041637014606,1386.3071796595548,34.3785446402811,46467,80,ICMP
588.4115903754379,851.2602530654029,121.31270200581248,47499,8080,ICMP
273.3655945676477,6586.920869625224,1.580718289096503,30265,22,UDP
8582.96595747241,4481.579461076666,24.866763682680656,24890,80,UDP
2243.0749938346357,22469.02539203097,66.58667527203286,55107,80,ICMP
1930.6563133254735,226.73715107210447,1.6757435435525212,12941,3306,UDP
4674.796672956687,2548.2386944565337,8.80759014247867,5838,443,ICMP
936.337277340884,4041.355545981393,28.891606974320567,11142,443,ICMP
9591.46220925823,7283.903672623625,15.192563078130197,52702,8080,TCP
6459.780197202247,2098.02821434354,21.22964885564978,31337,443,UDP
1646.2109800035282,2995.620448877046,20.564776054137603,3432,3306,ICMP
1002.9590718621804,2131.8116401261836,34.15553241578727,11911,8080,ICMP
265509.8046342733,9206.840749112045,12.965547123484495,2834,443,UDP
1524.1543490338256,2105.4995527184965,36.64586798843036,53563,443,ICMP
378.6934944617797,9939.390957714895,45.35373531885085,30783,3306,UDP
2517.7989922605793,9987.641328600992,27.192596314059696,5414,22,UDP
11259.392823505585,6081.837088301313,10.854418663112423,15299,3306,TCP
5044.249686801719,2922.106470850178,64.73540047458376,40792,443,TCP
15412.056128060809,938.342357009213,1.0030797279469061,39325,80,ICMP
10232.161625665685,4525.557095746055,20.513952718007246,53877,3306,ICMP
5589.460494207993,8983.141700469478,41.62058762383636,2689,443,ICMP
9253.001975499212,76144.95760318569,14.256375564487277,5501,3306,ICMP
3634.6534178344436,2984.908908618017,11.990704978666486,3307,8080,TCP
5339.246280004832,1147.738530609834,3.8549606629701856,26445,443,UDP
1901.0944307747366,726.7164892262283,17.50888816654743,47933,8080,UDP
1095.2706587274747,17743.332773263202,80.32090528270686,43795,80,ICMP
10724.586919615733,5491.50121735375,0.9683814701461927,14581,443,UDP
701.5148098512954,2824.494012604058,1.7825961936974744,43423,443,ICMP
939.494975052415,4689.898838609917,68.92085191087205,43370,8080,ICMP
1551.2086878784473,3253.1452337714736,152.69616452381533,13370,22,ICMP
4837.496900868796,4429.554421457497,28.632669800574927,49402,8080,ICMP
2069.1953801023506,7795.180588163266,149.09789846325046,28266,22,ICMP
3422.414676574807,2040.6053658917922,23.584698159074563,4851,8080,TCP
10798.894504623666,10789.31065532611,24.389516066351078,26220,80,UDP
7708.601180171326,12631.983566417093,38.82605392318579,50681,8080,UDP
5856.234951938465,1157.6215427048157,112.81606214943477,45937,80,TCP
854.7496522931302,1261.4821384577544,10.215250265784865,18340,80,UDP
5947.104683464828,4530.829745143981,22.991945506235687,49852,8080,UDP
2272.3916579994134,10878.337858305376,81.2007707887219,26153,80,UDP
618.8179844689323,3588.1114468549604,75.98711118134413,30714,8080,TCP
1997.1285902849581,41102.00405386568,67.47317842437245,6613,80,UDP
352.7871809566264,13162.759925765471,36.044227988273384,65345,80,UDP
4575.42575060483,432.24614384126056,36.136719368409025,55124,3306,TCP
4858.384607431084,7010.049397781765,23.70707863476577,13599,80,UDP
1471.5005465249828,10604.854582574073,2.2702208424854224,37197,3306,TCP
229.2070851305565,1091.2174442741155,13.221794167614311,51365,443,TCP
1364655.2234952706,15111.364416337245,41.6571037505907,33580,8080,UDP
4038.9957976689557,1965.6562503258945,14.057067472572612,14622,3306,UDP
7440.363948953117,1865.7806070130973,10.151578579462882,63506,80,ICMP
1763.9744305543877,7525.908764887508,0.6550118875621286,18365,443,TCP
8382.004316490134,529.8610249721646,49.51461666834778,22603,22,UDP
8206.357048080525,8351.940443518493,23.311087005626582,24997,3306,ICMP
465.6608968060894,2242.2577784613427,14.53745926603668,58489,80,TCP
27157.948360090326,1912.3209487234637,33.071297421957105,33280,80,ICMP
3367.9808905782115,9635.132885212284,5.306473169443971,47451,443,ICMP
6988.792116350846,5471.280323285562,62.952805659088334,59162,443,ICMP
1218.4947583059666,10141.980088238117,25.14498515814504,60924,443,ICMP
4919.106731965931,6269.566673902698,60.30057568174344,56273,80,TCP
1431.2149432332321,17139.694446496807,0.7351364921185888,59587,3306,UDP
8069.724687213472,12736.309999672814,5.623041056577709,62194,8080,ICMP
2315.3777604115344,3929.775987337188,3.3730321035713544,64956,80,TCP
3895.485938063039,8367.50154941125,7.8454767860629,42510,22,UDP
264035.2867078775,979.5941762261423,37.0212694014909,9518,8080,ICMP
3767.550255953138,9637.94076857269,3.721356342693803,8333,8080,ICMP
2361.504690024523,931.4534594942024,92.62859894174848,52375,3306,UDP
3064.969680359511,145.77918437117992,29.089081503932906,21418,8080,ICMP
143.607557333051,4121.775173649199,46.30653425650079,52922,8080,ICMP
7937.544902499932,3483.6781077639334,94.12141755493361,61324,80,TCP
12548.241941691156,9091.262861145493,12.990362899484264,42593,80,TCP
2904.7976636554995,682.2916177757631,36.58239128882771,50329,8080,ICMP
17020.446483467367,18331.347531497235,2.374091767290539,19013,3306,TCP
840.4324806387714,14666.08666906682,1.67079250109424,29056,443,TCP
13923.23804468308,22180.450249467263,20.053872503801855,63286,8080,UDP
1821.7721716191757,800.2225772640355,31.508779378252424,53719,443,ICMP
3343.2913007109737,3432.5112665973406,37.16108507116441,14211,22,ICMP
12184.971458756863,1500.522096616509,59.55818725153597,61427,8080,TCP
634.6246646514443,1963.4169146304412,50.32999565285998,33252,8080,UDP
954.9248004064862,4663.549046414331,26.326172099459864,55462,80,ICMP
6712.643267256501,2451.5620990954735,19.29198894224382,34665,3306,TCP
4911.894607504111,1996.9705313119955,14.639429854016086,39981,3306,UDP
1439.8441987296635,3556.8555560077302,0.1829688171015773,11463,22,UDP
2216.7914659410576,6106.734233859582,34.4373334401489,22871,443,ICMP
3749.255253560385,1479.9103884552683,57.941318891173296,47635,22,ICMP
9498.776908327818,3243.5417701074634,44.42801662512153,55367,3306,ICMP
1791.6020018053741,5032.298303537505,12.712014246838136,6756,22,TCP
3825.3242711259795,16529.423932917292,19.010085422036976,5982,80,UDP
1770.9261021852724,6141.863089646856,14.125823127608053,45736,80,ICMP
1521.592566759331,22131.401962929645,17.816724978236277,29866,3306,UDP
10667.710972840707,23917.906063911872,23.835113821464176,55769,8080,ICMP
2782.915188816783,1731.4790459446688,2.886390467404757,5424,8080,UDP
6697.126342300641,776.1255761269142,8.376036463764022,23563,80,UDP
1513.5128888639274,23582.223550107297,3.5152330365352578,3310,80,TCP
930.175470055644,19394.659234975494,0.29129036647960593,46789,443,ICMP
5712.0391059447775,33187.501826388616,11.041359935344065,56364,443,ICMP
7087.267330741959,11422.007952240921,16.47700366582656,11137,443,ICMP
4754.43222426168,851.2683508899944,15.098179847964774,21923,22,TCP
5936.758065159947,7574.69018726316,1.088107633606471,55597,443,TCP
5094.2621268566245,6023.254318928004,51.464149507862786,3696,80,TCP
5459.779754960614,13992.61040739703,4.968445516009512,62440,22,TCP
11273.413007473868,1724.3722789651447,27.522956589293614,58244,8080,TCP
14117.34524871726,1522.5739765472383,29.07551191788112,10874,8080,TCP
3311.7867028114792,6800.188940561908,3.7115863460965905,9986,443,ICMP
453.72468751097716,1048.3263023344632,1.0057710873748928,45656,443,TCP
7018.671525489646,1142.0613671704036,0.774906153979491,1675,22,UDP
4230.967930406991,18518.988965622222,9.850990759964183,33655,80,UDP
12202.332935560466,21872.34548407167,25.9904416918291,5276,3306,UDP
5222.366929879049,16527.403893728588,4.326927768733491,35311,3306,ICMP
701.3481246165247,10472.11467494675,2.1806584349178464,23615,80,TCP
5246.0369140203875,3146.742476890091,26.814532915432824,46600,3306,ICMP
2862.2235471865893,3226.046868266802,4.676208486283321,57839,80,ICMP
575.680697147653,14981.158273499672,49.78361005030851,32553,22,TCP
1369.2505506330726,28005.839101117315,20.24464203519837,42425,8080,ICMP
17380.197965975978,40.016378591034126,26.50733280450379,39751,443,UDP
2014.636298084443,38698.01877597941,62.534800460301206,64562,443,ICMP
1290.454364468367,1698.954694517137,5.310634242750796,15919,80,TCP
2220.5298790074444,14117.94851318392,24.519304031649042,16437,8080,TCP
10336.771874099577,1928.0346131215204,12.655913706105197,25441,80,UDP
5444.18088286375,3624.5741673461334,4.236573005642683,48548,22,ICMP
988.5254469800939,8250.839274916652,27.037008838414412,56841,443,TCP
40.647114165170045,2226.253172378394,1.0546933398343101,18962,3306,ICMP
2190.117577839969,19459.919555364195,56.132356783237306,8113,3306,ICMP
753.1347539926234,1234.5605099084332,34.39505793099012,40288,3306,UDP
10337.31040999169,557.0593814361068,118.33019931528871,39574,8080,ICMP
532.9409809839348,25635.10846460305,18.490837123925886,25200,22,ICMP
3421.212951051967,13196.970576202179,75.57069287481723,12912,443,TCP
5087.637336859134,3769.946621943513,6.063612120513938,55850,80,ICMP
14350.026969284121,5122.324761216484,22.62497955004357,55635,3306,ICMP
1452.3907819422996,8718.377252937276,22.518021622888483,49247,443,TCP
8678.899498564464,12875.127244034107,34.81197692971561,38378,22,UDP
3818.346860060986,3795.8087612335944,87.25083979828509,17888,80,UDP
8650.100210263863,8168.268372364175,47.525944098937664,27025,443,ICMP
1790.6503398838997,2528.8255096290677,2.3170361455829274,5438,8080,ICMP
1663.844946721225,269.80940895118107,25.091915506103682,17140,22,UDP
1263.865127526575,14492.82249030702,11.548238097221745,30082,22,TCP
5219.484109552698,879.0084229584862,4.084287867623909,29205,443,TCP
324813.3050476333,165.81950483408914,19.600107984546803,6209,80,TCP
4330.39656232545,17492.60910488216,15.327084777443313,62800,3306,UDP
6414.141874426407,18451.406925391755,1.0356816872830281,18328,22,ICMP
5770.387184970244,4769.75697434005,23.780818873431627,33873,443,TCP
5226.491433223056,6493.3233129835635,2.9579844692303707,31038,443,ICMP
6993.738198712547,3568.797673759945,41.78586703805846,31311,8080,UDP
172.18411722737417,4251.713222288339,9.024302193354984,55537,22,TCP
7524.699269431506,2216.191706262824,26.927409696016227,49166,443,TCP
6502.056383116785,1962.6441110305052,5.689065063482549,56996,3306,TCP
2193.3157156223547,3313.318228546371,68.96118288950862,25476,3306,ICMP
1198.6367836481768,14343.505636659425,1.6484297838659676,18129,80,TCP
355307.20782986144,25641.869079027398,65.82356326509824,28597,8080,ICMP
10128.478730693174,12901.423516537207,5.9437352361722136,37246,3306,UDP
1629.6403178113962,9828.687048378311,4.722302325114406,22760,22,TCP
7166.446190259986,5216.523548126948,27.580454232485533,30702,80,TCP
14845.289443274829,2705.983056695391,23.72530627062381,10759,80,UDP
1994.123353472506,8032.772671339949,94.90507937689294,38688,8080,UDP
21513.86080364922,539.8335432415363,20.222217522861612,47072,3306,ICMP
301.97991362794244,30894.886418220554,6.998678715914599,35031,80,UDP
185.9248781371962,9873.443637451612,26.56234142786807,57344,22,TCP
9286.543620529887,16836.47460183944,23.988764503469486,65256,22,TCP
3226.9407767495372,104.61253321436877,23.968800120996892,59444,443,UDP
3030.2305067267293,842.3740262442685,102.18858361876252,7022,8080,UDP
9795.886457420473,11389.465099880912,8.893439916235993,57845,3306,ICMP
12374.998533290198,218.80160456776733,16.51476658224577,22551,443,ICMP
4121.392012644767,6138.469540595239,52.09991693229703,30169,80,UDP
10532.776945082223,2035.8293663823406,31.77832672035923,27601,443,UDP
5052.3492362113,3000.3930072142402,6.889614080305209,19349,443,ICMP
2507.314814985066,9983.673576392366,42.04186045634557,57614,8080,TCP
1216.4625832094764,2183.5590728527563,5.484034798825905,42177,22,UDP
6883.826229966043,3023.904975144458,32.60986423183232,63404,80,TCP
10704.418218482911,7700.4951950939885,58.19149102763775,62612,443,UDP
13349.434824311807,1399.5670388684962,43.03209436942284,28103,8080,ICMP
1510.0532369063396,9758.307981873353,0.4140614350205114,47926,22,TCP
5128.998418319091,15078.815544186613,21.345958224989776,33432,22,TCP
2566.5171536484922,19135.23097409209,5.0074637775288,32947,443,TCP
8559.64209890629,6020.581883223791,11.681096415759756,48738,443,TCP
1103.5723196572612,2013.5795593510743,41.384082399124914,45459,80,TCP
294.73242430184234,1463.8143017254838,5.737891850559981,59841,80,ICMP
1804.5704864513982,1439.8898360553073,79.37942489943252,50861,80,ICMP
353.30182141288066,274.5548586984556,0.8096006942218057,41158,8080,UDP
2355.51849561257,10786.807679435075,5.671814192607438,60326,80,ICMP
2439.400040889751,5354.914696132358,1.540176362867278,7628,22,ICMP
566.9459608940764,17508.252614981182,20.444038315658236,50259,3306,ICMP
15436.151384182112,1020.5387339223098,8.55761363722777,26330,8080,ICMP
1510.901665516337,24360.52963932062,21.070084275478063,28969,22,TCP
5983.839133334277,4599.166836631938,62.537128935592904,51450,80,UDP
1003.6028636480133,937.5176683467906,29.283971636980507,18674,22,UDP
2543.8347809173383,149.78493834299084,1.4193636953540263,58027,3306,UDP
451.2185684222831,1766.5962510943145,0.1605517908835697,33271,443,ICMP
589.2098548135584,15179.883446468748,32.589661983822644,23538,3306,TCP
55.75617905544618,1763.5100439113296,3.1169181124702225,22195,8080,ICMP
8076.835308565983,9821.824790518096,22.092035918946547,28178,443,ICMP
1776.2736796913828,647.7503223619326,72.21502102093639,61842,80,TCP
3463.1625913396424,4664.724132873007,24.45749555582147,7645,80,UDP
4344.7324486429225,7849.523332681533,39.20237837773347,33793,443,ICMP
899.0651495939635,13989.81629226015,14.489107406895908,54890,443,TCP
14665.734845722749,8616.098274846181,14.94478053791256,31476,8080,TCP
2733.2218021619724,369.71860030529456,1.0509426535088187,37538,22,ICMP
376.87614695580805,12043.049199015335,4.808532457855821,23486,22,TCP
540.2196564993714,43.40292876817716,1.374822352976898,9811,8080,ICMP
2481.666524823124,1587.7586547979615,11.365246316046575,42272,8080,ICMP
634.9557094316896,19220.249334220796,33.268549925283615,60371,8080,UDP
1631.6327203844435,10003.177864908115,4.118425540109217,34573,3306,UDP
3716.6738608499063,9363.839881531814,53.93615218983233,28895,443,UDP
207.48552954153666,5574.890226164447,22.18943737389654,9349,3306,UDP
1794.4737726100866,9696.696144617608,27.170790075406714,61969,22,UDP
7849.440791225211,1603.631224200404,50.99725311633625,57097,80,UDP
372.60854890358866,6162.493703512451,20.354246816739384,59209,80,ICMP
4851.789870409603,3552.1392248400225,27.371801446477583,24184,80,ICMP
252.34922976699343,3158.282382181341,22.863002420617885,41362,3306,ICMP
13390.543892585189,8535.953485547692,2.048015565705242,28930,80,TCP
1270.9794159106916,2314.761045416743,6.172334763482858,16161,3306,TCP
1225.410529956547,7667.858384365673,47.37881447166883,14291,8080,ICMP
5450.5351306419825,4189.769921124487,103.3994538571396,25786,22,UDP
11296.834507664391,39533.605471627634,5.290514332032439,36724,3306,UDP
15938.684646824053,2135.4904408241505,15.702048388293392,8894,3306,TCP
6908.630961408991,585.2568799070724,9.01652803218555,46314,3306,TCP
8638.058149214014,17728.149858780653,31.23023357468114,30554,22,TCP
5484.231288439666,27316.61847520778,23.622141533169412,57868,443,UDP
962.6829008945354,8998.313020228376,1.2286443667319136,19009,80,UDP
5828.2630501281365,370.87860744512733,103.1928166891094,4353,3306,UDP
834.4014700639818,146.65107888961907,77.30318171559857,21155,3306,TCP
4945.8135098421835,865.4152333989987,37.93565335034057,63814,22,TCP
3836.2893820619174,16937.262440359966,23.282539852768178,21796,80,ICMP
1787.8218564800027,28184.764189544847,10.172946320276164,46427,3306,UDP
3550.7213213117698,1228.19431506899,15.167383779535589,55425,443,TCP
4511.271185867086,1399.134967089623,12.017860912055887,19364,22,UDP
1158.5842824194308,1738.4305916100727,15.32947016540091,42478,8080,UDP
2090.4140810752224,15569.266561261791,2.218448037267151,14214,80,UDP
2113.6408216156833,7836.309793934915,56.21191760698216,24390,80,TCP
562.1232808270728,7427.668240955804,25.713555661627204,20124,80,ICMP
1448.2278233339275,76.53210135697275,17.236255282310974,44400,3306,TCP
5130.308367091453,4879.066490105671,36.22960288500527,57517,3306,ICMP
5975.476725429154,5366.230213219639,36.71174645811013,17305,22,UDP
2869.645588546122,2169.2101772917486,0.8665086167160363,19821,22,UDP
2999.698088328655,368.4982475158343,5.137841307920971,53983,22,UDP
1989.2958987113036,8472.323367036191,19.73767530799495,30881,443,UDP
5833.095544331588,8211.579389499708,50.66784457681319,34122,22,UDP
2031.213060412934,2895.824959655017,52.96266323149857,46551,443,UDP
4790.841657099499,14209.800191674787,11.108077627505038,9899,8080,TCP
3200.557611353764,13130.584693356002,41.95662320057803,57276,443,UDP
3001.405275249359,10527.081341284706,0.634073928575191,24584,8080,TCP
14366.27945029465,5073.335266209569,35.60216725981551,43509,3306,TCP
10724.268517517714,38676.24871356874,17.812774842448167,28904,443,ICMP
4769.740257479005,2361.799297192955,9.577951227311795,49607,80,TCP
5964.526139494094,5180.645192769668,23.450750928607036,40477,22,UDP
739.8505914173085,15630.497984275284,27.064260313969594,12205,80,TCP
2317.5181264173925,11436.704723526327,84.0422193894293,13142,443,UDP
6513.472664575568,5540.437742134752,102.78005387458164,57626,8080,UDP
5115.056026773337,7413.8472535861265,16.83442850566044,34544,22,TCP
1183.5763876945227,13355.921596458,52.04704707362232,18810,22,ICMP
15529.217430783134,4962.475629788977,15.233194692765014,10265,8080,TCP
191.89783617904155,989.9981610526412,28.87128311656228,9305,80,UDP
5566.818917906611,2001.0957073061281,7.259308281871398,60367,22,UDP
482.1381175978093,6384.285355935814,4.623570330467149,64002,80,UDP
12286.494192371983,424.7954621794312,23.091794826350178,26409,22,UDP
432.8958833970885,8595.12431779024,11.71739052764496,14031,443,UDP
7758.299321501126,681.6961926786205,10.369688919442048,28046,3306,TCP
905.3763001895776,3344.80796707111,1.903438880094864,9839,443,ICMP
22702.65484510364,8273.899588509681,3.9874933777186206,36482,443,TCP
2890.43139733419,1545.0629089750448,32.893675662266226,41409,80,UDP
5871.43398942047,5833.497604665883,32.695378037716445,64585,80,UDP
4896.946001519583,44686.444958715925,18.826770677849957,21594,443,UDP
3349.462413606424,550.792461478188,25.667903103083287,13785,443,TCP
7210.149555262116,7856.419201507823,1.520734083065594,9626,8080,ICMP
3700.0637272605263,8631.556254548164,50.38730456239239,25355,3306,UDP
13703.013538868292,8809.620797572785,25.475704847594496,39802,3306,TCP
305.22956834653036,23907.943951152047,34.08636402377717,5322,3306,TCP
26794.327370876566,10112.082557313395,5.384922927177528,49986,3306,UDP
4139.202754210283,26572.122555551785,31.308703988365686,30705,22,UDP
1474.1963950765194,5609.440350651165,31.92098241469333,52194,443,UDP
2932.8130293357035,5835.1398600808925,11.80633782045747,30931,8080,ICMP
6215.249347596862,29287.38359755988,103.45684739658452,11056,443,ICMP
4984.084407862961,7560.317045517049,11.854846689898535,2408,8080,ICMP
10437.533543083475,2706.3389398534046,65.98770164552134,36948,3306,ICMP
11378.691038933104,11841.048350254463,50.36178412435163,35823,80,ICMP
4727.733786516865,8174.433768347239,69.66253230006588,53515,8080,ICMP
7871.5797013688425,10490.064078202751,17.333110547530293,57616,3306,UDP
3360.878556911296,7537.644294329393,6.44337717282892,11415,22,UDP
575.0820489599946,15107.726155880284,5.363306120013985,21324,443,UDP
2719.432807884097,3951.168662104717,40.554976792959714,14421,443,TCP
1470.0683963894426,1560.400062409077,22.272619334828477,7908,80,ICMP
9859.34096846574,2039.606045311847,17.79365973188727,1179,443,UDP
1144.5172171629815,10291.054147813376,16.117195798585012,6334,8080,UDP
6370.487240872337,8056.643007786237,1.1619739324795406,34868,22,ICMP
11364.06677777807,24901.08831113734,12.587860032447097,10820,443,ICMP
669.301830376691,6150.421485197726,76.25578956004848,13583,22,ICMP
4746.7846783145405,2613.468185955042,29.156894986067613,8625,3306,ICMP
13042.152947215518,34662.53432121084,7.139752683247742,47745,80,ICMP
2579.95981864803,21008.519548573135,52.468218805095276,42032,80,TCP
2460.803460469817,13996.902962221771,33.11658206103291,63097,3306,TCP
3320.213486625322,18784.415675097007,91.58308200089708,8216,8080,TCP
1029.7246650044199,4309.29159847989,9.739751573362717,14491,22,ICMP
900.4242801705968,2449.907246595583,7.325002932044276,30421,3306,ICMP
15535.257449117627,3325.2592829821583,65.82608800526562,42897,22,ICMP
12004.899706564343,18193.562965677633,15.536430168657745,9415,22,ICMP
2944.236349104904,12345.476857983069,12.37254448004387,14689,443,ICMP
161745.00406615506,513.959837229102,35.11001026674799,28216,3306,ICMP
6720.7966266748235,9509.290641614252,13.206030973310117,2185,8080,ICMP
21739.472862442515,2831.7307659643916,6.98313010462032,26523,443,TCP
10836.460977047307,27273.071645621523,37.84350977917782,49959,8080,UDP
2430.4171698807313,12810.643069259446,24.669877622305364,34998,8080,UDP
3311.212399428918,9188.036174806726,4.620093295062044,29022,80,UDP
5477.571681164871,6446.497753024713,36.453662168627325,32499,80,UDP
3754.1136934083283,1739.6989804071316,4.894216847432398,62102,22,TCP
1620.3433673549246,10165.079129348715,1.3550373211818452,34597,8080,TCP
1605.7615399579397,6344.734128682225,29.47142848202824,35491,8080,TCP
5415.493539528069,14956.897775273794,7.338564560543372,61071,443,TCP
17465.03213788509,3413.046010034672,25.851684861252785,11183,3306,ICMP
958.3709849605319,9150.984456329865,190.46678528086193,7214,22,UDP
5946.068739432959,895.8897885072727,90.1839463265986,30039,443,ICMP
13123.409143260682,1939.7690080232278,8.086383660584685,21576,80,ICMP
63.68937054361817,1864.8856806375372,10.688228867698555,14112,3306,ICMP
2743.3306227964276,3639.961409815618,35.53908551648689,8733,8080,TCP
6739.685871785011,16789.461022107276,0.14926610257727158,57666,22,UDP
11367.06556968437,5235.6406664395945,26.03960379164093,40652,443,TCP
14086.974608722016,6235.5651995832695,9.235127301058498,45594,80,TCP
1670.0454145875824,694.4252878081761,29.746199406144886,8641,80,TCP
352.93875347143927,5013.507939139546,34.1138339744041,23037,80,TCP
1706.8881925252629,5498.0920379249355,32.59986205466197,41074,22,TCP
4044.6554335109986,3438.1541258801535,1.4634279199160294,35074,80,ICMP
1323.9031351281085,8843.296015072925,4.010426583205519,45851,80,UDP
2147.0190191752768,5687.193426950743,61.37459628794207,44212,443,UDP
7094.851529930102,1480.8757402964163,4.505090538408697,27688,8080,UDP
87.8640214615766,7538.1468518200645,19.117427620674647,51526,22,ICMP
8882.699163111227,5794.014288984501,54.65099457804657,17772,80,TCP
105.72090624944315,3434.1344212067274,0.6606984078319276,6194,8080,UDP
4787.74186089843,222.85802499970802,6.431359107818315,59946,22,TCP
295.26396341778656,4397.052410849194,32.41199792629173,2476,80,UDP
1600.249922453211,19961.84670558526,3.9785972636740623,19323,8080,UDP
2920.5433834567384,14907.452712333386,24.15546502539123,8407,3306,ICMP
10876.477032513914,7106.4747172749285,53.6669645149833,15979,22,UDP
1079.1129671295578,1735.7483218471689,26.5863887486497,26505,80,TCP
19429.57063488691,12143.824353676971,58.87098312948456,9385,443,UDP
10890.940476281545,13932.23191014249,10.853009802873338,31131,22,ICMP
396.06105104956663,390.93946576050905,38.162189850947094,60846,3306,UDP
44.67226182286426,21164.817611653594,56.5937048655158,9827,3306,UDP
848.9183572616965,22399.12435401501,9.62498121261002,60798,3306,TCP
4873.209173575614,2041.918762506414,56.41465017242579,27547,3306,TCP
30845.498241791378,3594.1876957017794,3.020681929628192,39244,22,TCP
1775.9754215059309,576.498317943665,25.63526533664686,29513,8080,TCP
6988.245557106399,13237.145766920308,5.060554725599916,21450,8080,UDP
419.402434347448,5990.126071077531,36.584763837669364,8061,8080,ICMP
7807.045774958415,10121.726945037328,23.29033843117772,39300,8080,UDP
9940.754960108508,8712.468004579154,33.59813896699392,60158,80,UDP
11085.021352816235,11092.716275357629,50.660862683836235,34620,3306,ICMP
11253.984768635753,5039.508820117281,20.658190833224445,39675,80,ICMP
8227.468644374649,2376.373465576616,7.860500632988808,42552,22,UDP
423.962901203286,4755.725915370572,58.04379517138359,26088,22,ICMP
4120.442468495552,1405.962796477561,82.80068513118644,8804,3306,TCP
2181.6906552583455,33828.98955849571,58.92108064094571,33725,80,UDP
2342.342600026299,4463.086053081123,4.37696229382589,57079,22,UDP
11168.070950173584,2636.9982895007774,47.15114529418083,21293,443,ICMP
10775.55991191732,3602.5624664467573,30.828096215887733,57243,80,UDP
5846.972573628676,3825.622522323502,16.618800844486472,56137,443,ICMP
1257.820099417668,5659.281465284367,3.7742449900614625,16816,22,TCP
551220.0628054122,5689.101653395295,35.754499928781925,38118,3306,TCP
1437.1531730892218,2860.191436142177,32.423923796825434,49249,443,ICMP
7422.703099605134,5777.924717256854,8.121466133832365,32950,3306,ICMP
967.2919522112693,32694.984650759274,14.574039457236116,46141,8080,ICMP
5918.819040574963,1043.7908813430024,5.285037595177817,59786,3306,TCP
2376.3502394493034,1708.4167725653083,79.76567638534463,41489,3306,TCP
472.4517406267016,28749.067488158595,19.677132506128228,55082,8080,TCP
6900.389051280852,13800.478997458973,28.14004074445957,52695,8080,UDP
634.7041060449814,27201.570367275726,25.35021683751877,53458,80,UDP
21365.114726608048,9968.714514879393,46.59964875060636,56010,8080,ICMP
3294.2980263888944,16703.902193322334,31.57818689446108,15578,80,ICMP
1775.6012786397287,722.9608253573903,8.937392713995516,2208,8080,ICMP
997.2132515246217,15952.439763537928,18.752383819773016,10902,8080,TCP
3647.361424719724,6649.950391498174,11.135565964279943,17130,8080,TCP
6955.569357645674,17364.209377383442,17.501298167753706,45542,8080,UDP
8880.98447724233,7563.59770129036,32.8288225455596,33921,443,UDP
4395.203186781331,65.98155688047609,19.72720416173108,31256,443,ICMP
16938.29601828402,3079.3681839688506,27.60187923223003,1609,22,TCP
7758.018730136721,1853.827930927081,5.525473384705252,45130,22,TCP
892.1869312563372,11061.259400825835,20.625658521047704,24521,443,TCP
16180.557977141212,8846.360662606,34.54919947970958,50092,22,ICMP
2019.222519514442,2929.2082458938694,30.67371484788442,8298,22,ICMP
16999.903401971085,4324.5506828956095,15.416691316160788,20074,443,ICMP
1551.1508812213776,1997.3387640456585,6.965756815853513,4552,8080,UDP
2629.2570440255367,1814.086747785564,87.47069764456387,19387,443,TCP
5730.915661982053,871.2714720651704,27.855765983680822,60590,443,ICMP
368.41670042591693,5984.768570843587,20.379732785596634,32688,22,TCP
13170.116243388095,2535.4183927131144,5.114154406201117,29380,80,TCP
2243.1143098187445,4910.913400762209,39.74949542201867,18670,8080,ICMP
1296.4250200210672,6844.02399457412,25.840771843260093,18111,8080,UDP
303.5349642859095,7138.10293536252,7.8242168135474035,44071,3306,TCP
127.36218188430921,1922.4137366653888,0.37380940809149804,64578,443,UDP
145.76512605128963,2892.377009297669,22.017233667848405,49196,22,TCP
1906.562783084101,114.43719660962012,5.947672884895574,48568,22,TCP
1825.68545400256,4305.694939903941,15.255883651094159,31475,8080,ICMP
5102.815104569802,11119.564848409962,34.72776740572174,7387,8080,TCP
11450.06996471315,296.75336519126654,33.98159667654876,47717,3306,ICMP
5862.871360804911,14555.822569919295,2.387557958622528,53195,3306,UDP
5452.295932457918,18190.3859888244,12.220291882334084,33952,80,UDP
2769.1996363457856,6697.344440610572,65.4723607211693,6927,443,ICMP
4840.105634542494,14589.369458931274,8.944674118966786,47012,8080,UDP
4003.1240258550724,4950.83819334582,13.496514564363201,60442,22,TCP
268.4578585646049,2635.205376889844,15.68253586714906,15536,22,ICMP
1343.5996110081653,506.9758279092496,0.1089952376729306,11309,80,UDP
1296.3264436841123,407.1734610228965,38.2182715950279,48687,22,UDP
384.2934817525056,14674.237187737355,1.9231275208571623,22430,8080,UDP
2287.1302386869065,22121.28770976134,9.268003635509348,47157,80,UDP
296.573408319802,6331.760205456716,7.095040697771279,46386,22,UDP
752151.976280386,17851.945243069295,25.209113452582383,18223,3306,ICMP
7698.827128543344,8204.555263022861,12.767853168045743,3750,22,TCP
538.6735975280232,13426.783849466687,35.95845368081954,36890,3306,UDP
430.8626290347055,7559.507932913945,43.95722111622637,27329,443,UDP
15648.664432998967,7221.1757733952345,4.6150329103679395,56201,80,UDP
1568.5411920396577,3411.044622814602,6.143183830518298,24117,8080,TCP
3522.6857727000947,7530.215465744452,27.384797028597294,17120,443,UDP
3073.6181555207954,2404.5847228309112,47.302960911564575,56515,80,TCP
6366.171591703843,459.273571858514,91.46338000207938,48502,80,UDP
5182.7306963887195,6139.814613377895,7.055350225461711,40915,3306,ICMP
11442.472464323497,788.5735667356271,54.011606524071524,62565,8080,UDP
942.5632047359062,4547.334464713116,4.336439026520427,51535,443,ICMP
5163.030089333338,176.52664518083333,15.315882382468528,56906,22,UDP
2148.7927088770516,7633.040922837192,48.37670388460205,52568,443,TCP
3574.1078283715515,3027.6199074869783,7.793845000618695,26926,80,UDP
20722.59180031113,1061.1012905674552,5.112587629010148,5046,3306,TCP
2705.757015723367,4279.671324320071,1.1095990142035992,40195,3306,ICMP
5895.2760497157815,4028.2704830015064,27.535054471493797,50368,443,ICMP
3200.9436710450364,11798.917527384612,24.818241697311297,65004,443,UDP
982.1837941263781,20175.637149079157,110.32402202564865,44995,3306,ICMP
98.18533855854565,11269.031916794866,19.65953707932076,37694,22,TCP
779868.2221495864,1019.854532828885,5.9136079709610065,38163,443,TCP
478.14581098847475,2143.587388265358,13.690090501386507,8444,443,TCP
981.2455510018744,50714.984101106995,1.856784636976497,1499,22,UDP
4565.239854033857,4175.592749290735,32.27744160354506,3954,22,TCP
1867.1254945498997,4073.1708908309192,38.32538920643296,59398,80,UDP
3059.5386987293246,13464.514943400081,7.3458226212590265,52007,22,ICMP
3128.6308783924906,12991.365194100626,8.912229113250751,17808,22,UDP
120.79850254590006,1120.7638033859523,2.3167202744693998,28352,443,UDP
11032.731524192515,7215.238079240872,2.383987804403215,32222,443,TCP
20279.815149422448,995.7535836857282,16.547262821377387,16946,22,TCP
3422.818535173381,14541.166430584542,22.322446371405693,28291,443,ICMP
2065.2944662240534,628.2965170949525,0.38065583331473124,23452,3306,ICMP
11353.693624078185,6138.892406079249,32.366849227918166,45845,22,TCP
2680.791952614892,16637.59134012271,10.103847985340977,49882,22,TCP
4867.246963463756,4662.116157035977,24.594007315401118,7373,443,ICMP
10344.30646833127,9942.932775207508,23.04621949331369,31037,3306,TCP
215381.0480088896,7095.558404799635,46.227223540010186,64969,80,UDP
9628.838577776905,16000.999967339303,58.77476802773897,57051,22,ICMP
5716.495061453766,24476.382776696482,56.993972318500305,52230,80,ICMP
5132.056983542398,10111.865115530813,11.981665004393214,48434,8080,UDP
8827.917922536746,20726.876137539868,28.498884968015098,1303,443,UDP
73.08939778503621,3462.5979177146633,4.869744123013713,63858,443,ICMP
1866.6088677709727,6312.0019771599855,18.289380742787216,48451,80,ICMP
1127.7424931141595,4777.323870433227,10.719120521449696,58342,8080,ICMP
1643.196652128322,21393.979022506035,11.789850571320029,59657,443,UDP
2111.0708470250315,13604.852179979858,44.189541993109614,17445,443,ICMP
1287.2101038370165,2998.8477625936284,69.37143710975755,1915,3306,ICMP
2981.261116241682,3751.515113122027,12.145191194171037,43540,80,TCP
1764.7520187228886,25231.180179253362,49.3513464657859,30633,22,TCP
2804.711164069757,2206.0383401631707,16.97613257531523,2349,80,ICMP
3254.1586126423767,4076.3222025832642,9.2052272246046,18494,80,TCP
1355.2485578477017,3651.4514330940483,14.520254783078448,64961,80,ICMP
4851.040018330813,215.81780247500396,10.546330974393404,24465,80,UDP
5879.0854454555065,7140.033024467801,4.649036655171176,17861,3306,TCP
7788.591869915532,4307.564366108968,1.3534683820139282,43249,22,UDP
1148.3547541380685,1055.6442919725907,0.8196592376406452,43910,3306,ICMP
4960.005228931471,140.24068028896494,37.49952249708849,22448,443,ICMP
6859.8479981241335,4410.918880454181,24.39508488258869,55803,8080,UDP
238.30585638848478,13744.544910559678,12.602769322961727,38460,80,TCP
2851.5078391283632,12346.940246087726,18.61393761929869,11375,80,ICMP
4753.334685415968,2175.115159831939,128.01939012493835,21988,80,ICMP
1488.132438460522,2888.7517627120997,16.337811431540867,55721,3306,UDP
9192.348805100683,5316.259139267949,7.084514483176827,6786,8080,UDP
6476.0070606082445,764.9285296852447,35.74880135464654,1813,8080,UDP
948.7510631780629,8166.459177977805,3.766641333655258,43375,3306,TCP
2983.9503423739015,2381.694088123879,26.155451680747266,29536,443,TCP
16764.65755926369,17034.568723640343,16.088522982722424,17334,8080,TCP
3989.447065267636,8353.329389241728,23.411819974994767,31475,22,ICMP
7109.606873127399,2990.791487888439,9.698442119669629,12867,22,TCP
12369.274934167943,13257.349257316575,14.640581400831424,25156,8080,UDP
2964.5061353795904,18293.257546328718,41.44725835390125,16113,22,UDP
485.30749876976427,6274.768116155344,2.6108941363835423,38852,80,TCP
1240.426010767199,2570.0705832650265,46.90105907911107,44480,80,ICMP
3316.7400409078195,26562.052417639057,53.240770118640334,60041,22,TCP
2934.0078985920104,16178.28025282934,14.096085266887325,5394,22,ICMP
4056.0434781328604,19516.93594155864,36.97033994838798,22118,8080,ICMP
6593.418674229077,8939.080161153748,29.013313720099674,18083,22,ICMP
7601.621945766566,8356.312685787812,21.57522868744732,38392,80,TCP
5331.134006661879,9525.194368478793,41.24494971013146,35416,443,ICMP
14301.777955842903,1441.6641355508946,12.661189890918067,57629,22,UDP
18075.55933223912,7499.719495929531,54.65166648284232,60310,3306,UDP
6525.420248098186,1524.6518615450536,72.76885590854657,50890,22,ICMP
9733.26790593695,2380.200441963599,28.49733248137514,13856,8080,UDP
2575.671654539668,3162.626862369212,6.296412610927182,3651,8080,TCP
721.1738823823277,11576.787343278293,1.3798296705068192,59029,443,TCP
4208.368818173728,5755.245432956338,14.875773062809317,61844,3306,UDP
12951.547984373965,5747.152236871001,2.0076782737627417,17176,8080,UDP
800.0793683099467,8614.739461511781,13.784256674691747,4033,3306,TCP
2190.3460687531756,5709.241953415148,73.27654822742717,44930,8080,TCP
4990.8596180326185,10083.306878922467,42.363587568101394,39005,8080,ICMP
2871.5379711947544,616.7930624015218,2.3385208414644927,58363,80,UDP
267.9155517644288,4072.62541233714,6.715316500995992,38140,22,ICMP
20776.096203151883,5967.368902716326,33.063107981359124,50074,80,TCP
3885.4148353165037,933.5054029953938,91.43581435571281,51754,8080,TCP
1460.6611649363963,4916.203719845389,39.1178781697597,1655,8080,TCP
2488.716044969885,5013.705648776978,4.529583066870842,10600,22,UDP
147.3207766948973,9834.269394110472,14.899762548809454,51343,443,ICMP
4025.409474054087,3150.7270961563154,46.819238579229804,12595,80,UDP
8229.284933425371,8778.985176945009,25.008147897831254,14321,8080,TCP
4035.3206411181923,10937.6899239998,13.596298332722792,49543,8080,ICMP
7424.774192596234,9437.571064164747,179.6048775479974,14216,22,UDP
3377.5064142891597,2562.308609419779,37.42493301784174,10668,8080,UDP
7284.089513630456,10447.627778728076,19.27949139794172,1894,8080,TCP
353503.7419824108,9611.35853771691,33.917571403459974,31308,22,UDP
5112.266294766109,3120.1740593636796,7.881069562027543,42105,80,UDP
9612.548777573158,2128.946509413737,54.91013271253057,48223,3306,ICMP
21959.949571352954,2993.850272651376,21.88281792141269,59443,22,TCP
2690.336818065194,1385.8316161332327,35.11732593840266,43036,8080,TCP
17225.97127558709,6565.96785118564,156.7268423207716,49822,3306,ICMP
560.2321926260224,5934.08108293621,20.738943673717927,14610,443,UDP
4542.596467235921,4756.917950020132,19.276194430363216,22985,8080,TCP
3512.6274581007024,2804.187260444688,22.89267431256479,20632,80,TCP
4314.432237534478,869.645730545951,12.693869859483327,5219,3306,UDP
9235.027620244324,18308.093724556613,25.64585794830728,63533,80,UDP
2469.2073909073383,6830.78258970013,2.19080208301252,16588,22,TCP
21007.167071175078,12146.547691496904,58.15652087928883,29968,443,UDP
3970.1988096060236,14308.1326496218,134.11885611040512,24050,80,ICMP
7309.670605384635,12224.421451721384,20.361709124027342,3891,22,ICMP
4447.119611428643,4448.061206370821,0.3412603113565638,59299,3306,UDP
368544.9960353636,7990.508264793097,10.264713905280306,15189,80,UDP
2876.5608210284367,365.079421621804,0.3366677764618178,7502,443,UDP
121.87629009763266,13637.958914058752,5.00129489049072,23114,80,TCP
19644.582111183983,19035.016149478663,70.82960995296231,10298,80,TCP
5208.66111707201,21900.149786164588,15.099877735069908,65502,443,ICMP
13799.75209659012,2224.2341232515587,20.101785362972123,13216,22,TCP
20219.64384504517,1992.8638555485213,24.393046520428765,20550,8080,ICMP
7746.036544051173,5474.948689161355,7.093555555168308,18518,8080,TCP
2395.8963157457847,8188.088457295748,57.156342888022074,2726,8080,ICMP
3170.9831263086726,7358.245446280345,29.72457020381383,1855,8080,ICMP
498.3474385137423,15988.056509111824,31.164963424882025,34113,443,ICMP
11851.449028336896,6046.146800313779,22.397000180725428,16037,3306,ICMP
5877.589091916276,5816.815089282031,36.72434858572609,6417,80,TCP
13737.958667278845,6210.35802853646,16.10398921957575,19821,8080,UDP
12115.47425514512,4535.929893863744,44.98404344055234,18704,80,UDP
205.2537336668644,4396.89936255903,24.793249101161898,28381,8080,UDP
8824.180757448923,3092.124906945799,1.4494018931676143,65043,80,TCP
729.8398529051058,1215.1911619841612,2.802874064743142,20821,443,ICMP
382.1396712726152,2453.6371582930724,14.227209348617686,46480,443,TCP
5682.359424865436,1204.9531686483958,0.9933390461691871,50599,8080,ICMP
3043.1767566113167,5349.618511537701,2.4133144937497977,4292,80,ICMP
7877.78444881607,29260.076568703924,13.884288496610305,33364,443,TCP
16353.974136297507,7052.642194530994,10.377029094850784,29969,443,ICMP
2750.9502062218853,6295.73502294312,30.80489325348621,33775,8080,UDP
4618.808536443938,6550.0494458344,8.791713291349632,12096,3306,TCP
15.632194103131608,1987.764631934451,9.312955925052318,31025,8080,ICMP
1155.7725878087208,5320.540253525141,13.716104966490416,8955,22,TCP
5606.392671768893,1830.7072458176367,1.1343471606465045,62040,443,TCP
62.49562339825027,8755.065003221356,30.62477182692262,38896,3306,ICMP
5239.796632824475,14806.735544580853,39.61681791291469,3250,80,ICMP
4963.242260975462,1981.2631421068108,105.79527315457172,33644,80,TCP
486.5502270064163,21847.990258154394,45.246827968126574,60782,443,TCP
13000.666062170243,17763.94744529978,11.251203964015833,48947,443,TCP
7258.075099425325,14.160232088321111,44.3143854472168,18632,22,TCP
11984.343804889182,3586.7632003537183,151.07313371830418,58587,3306,TCP
831.0467132740046,1716.714607350679,7.3005387292453054,12992,8080,UDP
7015.9899911403545,1360.9967727975766,94.88231545570214,16937,443,TCP
2101.535360090661,14099.293623353811,12.997097767026451,11023,443,TCP
15227.190113426457,10056.833954957981,1.7831968076428169,60567,8080,TCP
3322.523268711502,5299.306496966937,2.0601935992381923,47272,443,ICMP
4820.178593199384,13043.102906150845,6.240277288272926,34440,3306,ICMP
1629.1067522766987,11596.611012474483,33.26466855254755,44111,22,ICMP
3216.935977945578,759.9767024057752,37.38264792530552,17721,22,UDP
6968.826673690635,667.6832988258051,35.007459655883586,5582,3306,UDP
5314.913733460359,11368.44247925894,15.041213705317901,55586,443,UDP
70.02368213323655,816.5553737864201,24.52493621075095,63226,22,ICMP
179.23554966838472,15099.86107219388,36.6186440880941,3316,22,ICMP
3061.868458056662,8282.509464561377,22.856107518119746,4358,443,ICMP
753341.5720140613,10226.447729927593,17.964384579346625,37118,80,UDP
4669.796918332931,4265.333902501312,8.245806656204614,3799,443,ICMP
1002.6425265767488,2494.3282901462135,14.459601496413425,47576,80,ICMP
8116.40206672418,3263.8001670048684,43.72574608869041,62009,8080,ICMP
16863.600453587624,1007.9815452596972,23.56343279233662,19085,80,UDP
2052.2148075648406,3412.717849351246,6.619240817313406,20012,443,UDP
3252.107069714116,9387.638482573682,7.95393590851229,56728,3306,UDP
2946.528061108425,16532.656622096438,46.861879491998145,24001,22,UDP
1736.5336808272555,509.35228116340056,70.91543410666317,16524,8080,UDP
2126.96782408344,15801.63110538865,10.745467425997525,6460,8080,TCP
1787.6712862334887,24407.40420706494,15.055310297109987,55205,443,ICMP
1013.2536230850064,21038.689371620683,0.14116915038540867,60755,8080,UDP
299.1355934538595,6324.2645239981275,3.4254349274048885,6091,443,ICMP
1686.3638253610197,15751.054033321732,36.0244373864822,52823,8080,TCP
10853.012844717754,11479.01123694806,120.23055858426979,11341,8080,ICMP
1942.8189244854732,6080.084350057788,27.72303124910203,9982,3306,ICMP
1349.9634920154501,6669.780916270635,24.088357001847708,25601,3306,TCP
7773.271321919974,1415.0288581413838,44.9606916553593,29195,80,UDP
2586.982986174602,13850.416768703955,10.23551500650913,56119,443,ICMP
7156.804220230583,637.3826863812737,23.745885616586847,46165,22,ICMP
5810.397669325868,9210.514035129776,14.764185415025308,10351,443,ICMP
5810.552998752023,30980.20850551456,14.422846519611005,38703,8080,UDP
1819.7734693292052,11409.683047049224,6.150034757211417,57499,3306,TCP
4271.162851647716,6463.857718414203,17.566620267766982,43736,443,ICMP
14516.664677977304,3807.5258174497235,21.59367832721101,15844,3306,ICMP
6790.593471239799,15102.430323608061,57.60951141268005,9335,3306,ICMP
6107.188729197533,756.7006219402181,91.33584603434275,30215,3306,TCP
302664.51330951945,5407.553337517855,2.797546172691273,31485,80,UDP
5834.3493859128885,11928.174457556624,3.6049595634457505,23779,443,TCP
3666.2461906481353,3272.2210659026323,53.15763999015336,8072,80,ICMP
897.9906198422279,3950.3687283465606,24.8063796788777,8644,80,ICMP
1773.092898030861,740.5766109812229,42.33788883278653,35149,80,TCP
854.6321664835618,1294.6497197376773,3.024632030615838,61942,22,TCP
5470.659809550045,237.3171499833556,5.0766186046109745,39597,80,UDP
504.7456955213305,3423.987966744617,24.573947764506183,29291,443,UDP
463.5870439732658,5885.248243771467,17.07536982035175,61102,3306,UDP
1079.1173670637618,3182.022221577435,18.234726506747194,45557,3306,UDP
2379.518423317278,2787.671078376863,67.9189988017169,47337,3306,ICMP
879.435009851989,9245.521860627265,41.04754952360455,38135,80,ICMP
6560.204383912578,22134.18631766565,14.53557597332016,50238,8080,ICMP
3869.187107538871,6024.119643763732,67.74429503399976,33390,8080,UDP
25571.204939299252,6301.693113724023,17.745746738317152,41154,80,ICMP
17068.818941631875,2664.3056971858127,41.239885734638484,40800,3306,ICMP
3586.3847346807743,3738.6518131526263,39.95916065315136,49578,22,TCP
3181.531958868739,3295.849244074373,13.32359902167979,58976,3306,ICMP
598.6692754275875,24517.060596197127,32.31761903290797,20007,80,UDP
8244.135562824496,9937.19907865705,74.50409189643939,46137,8080,UDP
17631.93425442271,12280.59820781647,67.07734101284278,3066,80,ICMP
3292.9755121501134,1716.0155837926009,27.413557047368823,35374,3306,ICMP
7900.006397104271,13833.702762121911,8.04021781221894,59000,8080,ICMP
104.54035101689935,4654.05085975536,9.449403249235553,42645,80,ICMP
36937.486216034624,1192.093526925303,46.38958839198477,18293,443,UDP
530.8987707078466,8203.495799596785,22.497670233239877,40143,443,UDP
7559.368899175026,1276.0822695650727,22.860201791066885,24102,80,UDP
272.502686195993,4832.453138906679,1.6696508729985797,28965,80,ICMP
1718.3884015987821,1055.290612336626,8.88788753970209,15738,3306,TCP
2005.4258733271574,6305.402794902636,33.491872588296026,41328,3306,UDP
5291.864628293976,1807.9340532999033,8.641335929424859,13819,22,ICMP
332.9402763417622,1928.0672099781182,4.948250328217675,29639,3306,TCP
2247.7477848369563,1298.0021455462759,11.911581440739267,61615,8080,UDP
1212.408986346131,337.71029698906915,35.106364316229325,49898,80,TCP
607.3853775222016,1071.7675370447841,35.91194418272289,27754,8080,TCP
8421.553343567362,11922.440136029356,23.859372828070654,63529,80,UDP
240526.59614815647,3775.450592900506,19.156999669033727,1923,3306,TCP
490.1550974663351,14308.939106493208,61.684172976764856,62945,443,TCP
2865.3373969384575,21362.236958529273,55.88273938686649,23740,80,UDP
979.5310592334235,23156.227437951427,16.106694511423118,53970,443,UDP
5.524229004746267,584.0413096224984,64.82462820671947,62149,8080,TCP
550.2470597387037,6266.85717140886,71.6974342680737,39844,3306,UDP
5975.760021579228,855.3436220050518,32.39241460753341,40407,22,TCP
8.680913548139547,16997.819379532506,15.814258684432865,49364,80,UDP
2386.4106142605006,12146.513363510729,22.904610264199196,16490,3306,TCP
3502.248065458066,3589.8700739922438,9.150003407772434,12510,8080,TCP
1492.8780914900349,3932.939735860617,54.05223222365124,23194,22,UDP
4024.3232120741636,6496.320184718932,19.09717054578724,31925,22,ICMP
9137.011120769008,9376.191769316338,44.36721015689299,48947,3306,UDP
3129.579423843743,14876.145873181733,44.068908604960626,17622,443,UDP
2936.5151867171567,926.6759630987904,1.8121681172468929,37458,80,UDP
758.2383559079723,6589.595547569215,59.79683700097057,1249,80,TCP
3158.4275926639043,3833.357795811011,5.8276325656911006,3018,8080,TCP
11595.754493933475,2556.0414062372633,9.649477329674106,63389,3306,UDP
2915.179893536148,9841.43736830955,24.397564448870394,55877,8080,UDP
3644.9221247110936,4111.415989921886,25.644277043193757,56751,8080,UDP
14382.238001110685,11304.132764985094,14.377706382843831,22229,443,ICMP
1998.205372821781,14017.660363973115,14.24496288848114,34163,22,UDP
225.4884613094598,3786.7987602172707,41.45035847837472,44549,80,TCP
10504.941229595579,135.77850267709096,22.29961291085094,17419,443,UDP
3455.6326773220135,28205.303363935163,36.31185395810974,49049,8080,UDP
714.5927456696821,9781.344128725665,62.74992653606043,45728,3306,TCP
438.7861122080055,18165.81178742182,18.221475265990552,27297,3306,UDP
3339.6911650750017,758.8731441905963,19.526617424133438,29073,3306,ICMP
7847.644574135412,1114.6325438760155,14.472631896352997,20851,80,UDP
15520.084329012652,493.0109904838215,10.443768283561399,52848,3306,UDP
364.0433055172171,1966.0199373303958,55.73805823415706,64690,443,TCP
558.226956208124,70.52956112301014,4.134638135889277,65503,8080,TCP
84973.2469661249,16778.403706260364,37.800112650795455,50787,3306,TCP
4987.607883065031,3021.771152159129,16.00031448166132,23543,3306,ICMP
282.46438600061856,12785.995554032412,17.887732579732866,51412,8080,ICMP
9540.418116139288,14293.338749046832,81.25417937587666,16790,443,UDP
12592.534045015866,14178.187274517104,13.314868732989341,58862,22,ICMP
24982.506080849078,5303.256324605951,15.38248419566519,18273,8080,UDP
48.98287546091232,28165.54425633284,8.115645667834055,27013,22,UDP
1082.32150210153,17728.347195765637,17.0541181317174,7045,22,UDP
3671.142754198452,25551.489341316268,6.827989298620156,6272,22,TCP
349.52739133771485,7083.722190658534,25.370182034833412,26444,22,UDP
20572.078361627668,16347.357173496903,12.705755938412945,36518,80,ICMP
16780.7339339087,4909.211407162021,17.823204503763126,2148,3306,UDP
3418.521290669928,10588.642979266453,74.33560813475334,55611,80,ICMP
9989.35004887959,9620.842148551616,131.53294520774242,8403,3306,TCP
10361.031939505376,594.2436650713021,5.895427074951242,65431,80,TCP
3775.6784532791853,1800.2727096875792,61.653615113658034,18551,22,TCP
2443.841287566668,12394.214411102572,1.101262120410543,25473,22,UDP
10033.99621543306,210.72664009447044,23.9303595151757,11336,22,ICMP
2992.461046701928,11718.351207156897,92.52651346668405,54208,22,UDP
12413.340719825268,7058.315254891268,25.648055211075377,48256,3306,UDP
5054.875749253248,37632.66248531684,77.44288959695194,6091,80,UDP
342280.4820029877,275.2651362714303,38.82572033654533,7836,3306,UDP
2500.0342428117274,5788.286580713549,19.028052878729593,40319,8080,ICMP
1712.3279518411603,25417.242591099533,26.80009302311884,56890,8080,TCP
1102.7832293736838,69.6243587377452,25.946832982204707,8108,80,TCP
53.16552455448249,8519.060617931502,40.20054202312743,15288,80,ICMP
1552.8653887444957,3459.0068126154797,16.559038792690664,36204,443,UDP
91.42127003889925,2324.2944020591494,18.163610670892677,8029,443,TCP
1251.4787008158276,10848.329815000887,121.86438858717545,20671,8080,ICMP
16533.2263230786,5008.561453966892,9.311733552843453,1675,3306,TCP
12366.238655055646,6807.757051566005,10.8233292493461,33225,22,TCP
12020.570495505131,1.5044635919237679,16.54463789061295,47162,8080,TCP
2001.8913186495674,6258.438926695737,18.551144120592873,27601,80,TCP
14917.389303296624,638.7343071156828,7.449695547324673,17578,8080,ICMP
5746.144249578514,5262.737349752401,8.90829339406106,28399,80,ICMP
224.5787899237009,717.4179295517058,1.7701680102201016,33892,8080,UDP
1311.8015167775884,8804.818531063129,8.091254120530468,11714,443,ICMP
5406.423243877283,1514.2847754004597,32.672531175087165,8224,22,TCP
886.0677719076646,217.31008161782123,17.504414470369692,12753,443,UDP
593.0010287775686,13647.374687348827,5.103008705737834,64586,22,TCP
7152.985129030528,1954.6009425311247,0.5896153088961598,47662,3306,ICMP
29.83577174565851,64.80164444974226,11.150445949645063,9112,3306,UDP
176.35004084778572,9566.058130256224,3.9671284478135664,20465,443,ICMP
9750.316388321899,5967.437411360376,0.5225769622583473,27597,443,UDP
1748.1209479584938,7558.336588347899,40.229741613438435,12713,22,UDP
13447.791570531186,16428.7292970216,36.648288200059575,55964,8080,ICMP
7688.553312582065,1619.8033708458995,7.750942923305669,61702,80,ICMP
5745.056229970193,2264.95801547753,5.66193669437802,16821,8080,TCP
2139.1546420784034,10998.802182430794,31.621828914215094,2091,3306,ICMP
861.406592200102,3623.375985094852,16.02965321208246,18246,3306,ICMP
388.03609301096265,2353.379233734276,16.42489315028801,38603,22,TCP
7171.665023081821,13401.833927847729,15.943492638360931,53181,443,ICMP
525.2534009619073,3457.006893153124,35.40599634444948,22928,443,TCP
1021.4221378896382,3333.436391970242,100.89269755377322,18657,8080,UDP
3837.592596194945,23414.805999027067,21.910233180677363,17078,22,TCP
197.445883672602,133.8777232060076,102.027035356376,1209,80,TCP
5397.688907601266,24031.7372857218,5.732610765592324,1928,8080,UDP
335.9673117006487,3227.944362120939,27.225753609574515,28629,80,ICMP
1021.53407032612,26172.524708208086,2.5751904897644136,40862,3306,ICMP
411.60759166520194,1108.1673108991376,26.46258838686599,1832,22,UDP
11682.5955632345,6863.708238265414,41.35779879767937,13944,443,ICMP
17930.23536947276,10735.296624909553,6.163837374837786,59715,80,TCP
6574.477100524916,11135.682841734091,8.605050089351415,64894,80,ICMP
5874.151540200242,767.4078092461255,37.2735538829768,42428,3306,TCP
1455.94715472511,725.8971418761062,10.803291339036672,34677,22,UDP
5647.848428658879,7736.519336467055,0.6528718172916359,38634,3306,ICMP
5915.998652527468,765.9471557350355,36.99677662406917,24924,3306,TCP
7149.549427611065,12887.446179684968,35.26625597487172,14028,80,UDP
8019.6942714431925,15028.362013706186,8.402049197570154,25276,443,ICMP
8295.283511133908,1223.8379073923227,80.03894332418194,46178,3306,ICMP
98.0200516269993,11727.139261058155,9.596367953158605,43770,22,TCP
5879.740198113413,399.1467803679189,3.6463604248733605,44714,22,UDP
4889.360942881103,25116.0437076173,14.936732689653075,40293,22,TCP
10309.77380913857,5899.75365320261,1.1108305487506969,4924,8080,UDP
630.3529797290196,10536.114368880526,17.72974964532758,41437,3306,UDP
5615.568845764155,10426.243158158955,28.366660631607882,57848,3306,TCP
3201.072527012091,8569.19474315138,96.11668888397429,42884,8080,ICMP
3278.4486708745485,7134.8239908929345,75.6131326643945,38402,22,UDP
813.2600972115915,228.07694365435214,25.2668141917109,15471,443,UDP
7214.950033491679,16077.858847449203,1.7485723684187884,52146,80,TCP
3546.1785454250416,7380.247150186401,22.69513133803342,30155,8080,TCP
545.5678876631794,2291.473576071466,35.39536851785484,17984,80,UDP
37353.374215498174,3383.1980867024063,56.05877398838944,32624,8080,UDP
4675.562355168438,3593.0545966439827,73.54676706785051,8897,22,TCP
2558.9186486470962,533.9817795299381,16.060677343717536,60786,8080,ICMP
16304.518819663817,1669.9559476179827,2.2874001104410575,46339,3306,UDP
9333.306868383215,162.17886002307688,54.0186603273669,22090,22,TCP
7727.865814372757,7159.731825156037,5.4956184027601935,52238,22,UDP
360.0217662356906,4293.723807321711,31.175762492715652,4518,22,TCP
5621.162556491388,25574.474024092335,8.591805736391986,25927,443,TCP
10924.423536989332,2170.1472469695555,8.019775445092181,43045,80,TCP
3433.4961409729776,6860.646468424447,71.95837842057578,2552,80,TCP
7305.094460167949,552.553114373618,24.756712870943957,46744,8080,UDP
1627.9228158825802,2881.65167757386,55.48928498037472,53810,3306,ICMP
748.4913555647233,7574.270904129223,12.60631408335111,39351,80,TCP
10821.866984847105,24241.544348724303,19.601636821312024,14319,443,TCP
2729.300328108992,26150.50031990191,23.39693832444299,49348,8080,TCP
3576.9530549336546,398.7239164311674,52.92988485640727,22895,8080,TCP
1801.7331996860198,7775.6920300828715,18.343223528265604,48497,8080,TCP
3460.483646416439,2021.777072464864,23.630788100972065,41551,8080,TCP
1748.350483195294,16729.063592930972,22.8708498041923,7049,80,ICMP
283.373474795595,10708.750445217382,26.956478956979712,7472,443,UDP
9970.162053678932,1882.0184987163473,3.135983283366199,2002,22,UDP
936.0505537976024,3938.122666423966,12.819409729575417,5668,80,ICMP
1922.0674010119383,62.85138166380698,1.2414343962857328,20355,443,TCP
9720.851489805766,4158.54752850181,1.0199810013358204,2682,443,TCP
5480.434699528437,6318.471564568224,97.73942581626903,61565,3306,UDP
4360.327354838543,5165.989365838735,2.5424310971506245,60157,443,UDP
10862.45360525677,10397.3568034879,30.468779135464096,12159,3306,TCP
894.2383777780067,1181.4277729167136,12.902981032337713,21111,8080,UDP
3340.7760598060445,14076.45711530869,7.179762832751312,48903,8080,TCP
3147.4728440361114,3783.0578162340266,45.22276452220834,43643,3306,TCP
17466.043757962965,3940.011042660301,5.356265752655847,38544,3306,UDP
8630.771125494995,2819.0251916132934,56.862190491644554,64840,443,ICMP
1102.8476863755686,12071.302233670902,13.07614211107081,41652,22,ICMP
836.1296173084963,4115.021778575792,1.6885023419290297,44210,22,ICMP
2315.5374942808025,2964.7464662643065,10.82775342574796,33414,3306,UDP
1094.9869966408542,8042.360009757513,29.204535553604607,34898,80,TCP
2338.316826376587,8122.556105086222,12.105723367649102,19798,22,TCP
565.2005383855466,3185.4671209848434,5.404529808381583,34629,443,UDP
4492.088398360469,15382.20826570941,11.385183662034443,60256,443,TCP
1116.230781524383,3843.1645422531933,4.993417717391591,25339,8080,TCP
1220.6809341092667,10386.31091175101,56.91145767502482,9618,443,TCP
20054.86492674645,2795.6700380958832,19.929830923529863,39716,8080,TCP
8463.429228886449,12171.554458860232,24.661351458022388,51677,3306,UDP
10703.355889261604,11837.248116185112,84.69431800746537,62876,8080,UDP
327.91736593315267,10098.387005550325,6.983599002227622,35999,80,TCP
1528.332766358159,12787.895311240316,5.211430729934078,51861,80,UDP
2339.5808735700766,6851.665403227771,7.031815121824963,17182,22,ICMP
8746.5774059257,1632.9153536878728,76.53238802683248,28391,22,UDP
4733.733501034401,5699.1470936390415,45.05808889140638,28056,8080,TCP
31.01246983617102,1894.4125003444476,96.23732204331071,22470,22,TCP
1683.6848920015432,7672.371335470923,3.1288966083372474,47224,80,UDP
8440.210459658087,946.746881325312,8.323548710600983,58021,3306,TCP
28375.180702309684,6745.509916669729,5.161994079900939,22091,3306,ICMP
2114.120866298118,1259.5740483786622,37.0077852548336,9783,8080,ICMP
3136.1334686899568,7100.364486730201,6.524146245332503,54273,8080,UDP
4658.965554460632,32782.86093434294,69.30868313122862,55831,3306,ICMP
3135.344943777261,9182.861575907009,11.959501360674729,61336,22,ICMP
8315.131638818468,2936.76207223221,60.89299818663132,17479,80,TCP
11069.808125629537,2179.9557405026926,12.138946266929585,47409,8080,UDP
1053.9764224605944,4326.63730270075,3.4435255769102655,47189,22,UDP
3962.965115493884,5721.83218870256,33.30885456039233,51989,8080,UDP
555.9405726950271,7439.287732464589,10.952751419077176,53034,8080,UDP
877.3550323318517,2328.1999068664422,3.8319147410514507,62471,22,UDP
3168.3941805743666,8027.349378595081,9.955484738196798,31795,443,ICMP
1839.1777301464724,1464.1509809953275,12.123288805242817,5921,22,TCP
455.4189880716178,20796.460620022266,157.1877771239079,13428,8080,UDP
3745.3135351771493,10487.31036565776,29.810533404128606,58220,8080,TCP
6705.524314838298,5184.005870266392,4.260704117844952,55520,22,ICMP
6541.990777148719,9163.912998416474,9.637038284767318,1738,22,TCP
1892.3533269508796,1356.3858982291695,21.3610771966726,24732,3306,TCP
3863.272992503866,15645.1260564568,8.418767373716719,16840,443,TCP
1110.368031011423,18516.39120812535,11.602949045806698,21711,80,UDP
1311.2655057475934,1727.1846690824243,5.71155642812629,42233,8080,UDP
1943.3934935711484,307.4648623488018,2.6040965557063904,33925,3306,ICMP
14237.316572926115,3503.8691282573177,62.22237916076642,32047,8080,UDP
2682.3171937863463,8856.673392686145,10.855529761838621,29091,22,TCP
4411.168406859411,28658.34651225371,22.339911436861374,42415,443,UDP
3832.8675201079363,3258.1235939756248,8.875108972067093,45088,22,TCP
6886.401753523113,3190.82614023297,72.1215565379655,3828,80,UDP
14594.656211104908,1018.3315140165643,19.228285176641876,9874,22,ICMP
2121.0820297373966,16148.967602105347,3.136972558118783,23033,443,TCP
6574.875139457482,24930.156577717513,20.650928921420945,29130,443,ICMP
2022.2733624238954,577.2853921348121,25.639156009131366,65290,22,TCP
10334.46903263909,758.0749243113152,2.555496471409807,58548,3306,ICMP
747.4244011508844,2432.2506170225556,46.65383132333149,42876,443,ICMP
726.9049520189329,17826.532479364825,19.57422972707277,3350,3306,ICMP
3747.2879262345346,38472.89525180354,4.718141583018981,7519,22,ICMP
427.2734156592559,3482.1363297304742,75.50948571888202,30527,3306,ICMP
1616.0032504889678,11182.662332221895,39.26511233275504,38895,443,TCP
3904.994129025641,7156.098923822109,27.702458558909967,43635,3306,TCP
1517.0773247330485,1945.2050738858509,1.2035801057225284,10180,8080,UDP
13223.127914341188,6345.178889165628,91.03202093579094,58291,8080,UDP
3913.210349329817,23287.263753522537,14.445565393626897,32842,22,UDP
3234.4002977629852,11452.52544811084,12.115511174710576,39329,22,ICMP
3722.845597487608,12018.84858898961,1.6035581502228997,3559,22,TCP
6342.049796445909,10956.045477888354,9.225493287083125,54212,3306,ICMP
1805.4512007326575,1207.1996082773098,54.60184130528675,36056,8080,UDP
7053.395878011801,5688.062942632641,53.78713479567879,15390,80,TCP
12748.695827649472,9304.06178448324,2.6890619849108788,21593,8080,ICMP
10205.316877672514,6022.539044853577,14.8744656033513,23784,3306,TCP
3614.8904982634967,86.084204892924,36.631038548802266,2769,8080,UDP
1217.6595214846382,750.8228923869636,19.639095487556716,61801,22,ICMP
1639.3945138440513,18767.285708105002,7.502447829717214,52825,443,ICMP
8041.499075758536,11344.582370968896,28.47786819538499,58179,8080,TCP
4622.203462435209,10837.177754841721,19.45454907163431,23837,8080,TCP
1974.5984481351502,17274.969015895418,21.110710711876685,37018,443,TCP
159.37843627700497,9701.563331674026,5.152302110325507,30586,22,TCP
9847.474862957739,30306.119392322213,15.397112291252267,31698,443,ICMP
829.3393697369693,18824.49825505056,40.91496899834247,39016,80,ICMP
2988.779772532611,2537.4639074485654,19.58171534113381,30122,80,UDP
1570.8335296824691,3301.3286497878275,27.749192166753552,50906,80,UDP
2098.72676670458,5952.6360062970525,13.105700984399192,4816,22,TCP
404.07775375462677,2467.7396288062455,46.80730795060805,13451,22,TCP
166561.06469255572,15650.00976603498,3.4317399989133373,58592,22,TCP
12526.957720812652,1543.5261369588018,35.17050376650371,57944,3306,ICMP
3021.9146296718095,7127.378933574196,5.74980548233541,53803,443,TCP
2920.8528500504303,10938.714352234896,8.465668632689447,24812,443,TCP
4434.61303593369,7149.206822345543,64.64673435520872,30457,443,ICMP
2180.236705966875,2359.889696249079,15.355657259441863,2654,443,UDP
1978.806982193646,5483.810866414697,17.107102674687116,19050,22,UDP
98.14925755835833,1230.3028292203853,30.584557436868145,47887,443,TCP
7830.80734159288,5839.4405242757,34.83814840998767,23146,443,TCP
6058.160356553393,6471.933533282631,29.977673125779557,32006,8080,UDP
2537.032127813509,5567.738885491797,23.764586629373902,8969,3306,UDP
4913.875531254676,6312.949018524743,0.22816817934141037,33045,443,UDP
2541.554693402473,2255.9164177771427,4.956592862108922,47587,80,TCP
61360.625470401224,27017.704568521185,9.449857673085138,37932,443,TCP
782.1986711065565,10339.186633150643,54.178642095126044,36935,22,TCP
16696.76065628341,7758.985842242242,76.14475456184053,60024,3306,UDP
6340.227651617042,8674.092743662994,19.480235531041874,16126,80,TCP
2234.828190721018,3821.7321922045307,13.803045799621286,20341,80,TCP
7086.116123173928,20662.995819917058,96.37210596767241,41214,22,UDP
3625.216938327831,1222.3052148756592,21.135341925494025,32001,3306,UDP
7715.20709640137,341.4824175780957,37.003116438588386,64195,22,TCP
5487.901899279467,8895.49787824766,24.668215514046896,4873,3306,ICMP
7050.138587575031,6966.368202810949,13.618770972854028,8919,8080,UDP
28.707501852825203,3165.2545325405154,16.919094950951695,23086,80,UDP
21528.499050822946,31702.643296255224,31.01189624181202,30601,22,UDP
237.7544866729104,9967.117202757054,70.49501541330822,58468,8080,TCP
2494.9846848328784,5785.589993007329,17.095873700318414,32902,22,UDP
661.0776742363627,12535.42594835544,15.634406146727526,29225,80,UDP
1081.1118503927364,1415.0055047647747,1.6538408774159261,11784,80,TCP
2629.2938209578724,3336.071972519043,3.8622056075219726,29037,8080,UDP
2202.5732512138393,1781.5228788416507,0.27373531225531644,35316,22,TCP
14449.75533705622,1882.8238808631108,4.048173179665827,38684,22,UDP
2432.4526729757285,12075.692207739543,44.662325953358945,40116,443,TCP
15040.428108189006,5060.090949188052,39.21396112268564,28740,443,TCP
4365.348543729489,6563.500644879818,44.71113890269745,11174,8080,UDP
2491.7780754782134,2973.1926679236603,0.8812964191075208,10876,80,UDP
4570.5808844851845,1054.6348991770026,32.69766779323203,11005,22,ICMP
4327.28133287473,2414.265811720683,9.409607272418612,40929,443,UDP
1491.3481810181247,2499.0132646039683,19.014383271963446,56267,8080,TCP
1456.355973768857,7534.219474097475,64.65161665399712,57994,8080,UDP
11466.093165292088,10420.598112025065,24.378563239944683,21111,22,ICMP
39810.39935630308,33415.880991381884,3.736886317330408,6160,443,TCP
3616.212401780677,17859.8568114496,14.705291780074537,41687,443,ICMP
15264.878991823845,36540.211143685716,93.1601775307445,3499,443,UDP
1908.5739150919403,12360.132706726807,68.497164975207,41457,443,TCP
8408.121942188545,88.79081517932319,46.52628785618777,25738,8080,ICMP
1858.2544088558711,926.0401681212634,4.03630705789996,55159,80,TCP
15626.200526201417,7255.070728492806,4.969720189093914,41367,80,UDP
750.7379778099722,5543.281605937757,3.027918123642635,48755,22,TCP
2648.8385428314286,1992.5516421890154,4.224376663178652,27197,443,UDP
3596.760016909271,2078.08477601159,0.3598131877755853,55250,3306,TCP
6840.209980200795,10806.639167005702,55.19885915660838,34900,8080,TCP
4287.975930174451,3550.5470439599726,35.75368371021821,41357,8080,UDP
7676.167537717694,11068.341564110082,46.551798588169795,24288,22,ICMP
765.3861952440974,9945.223008153744,20.020349133548372,30018,22,TCP
7977.387242657821,4105.252759964166,0.10375319064134314,55222,22,UDP
12293.904698945853,6245.363777280181,18.55522597734115,26413,80,ICMP
7171.615828239144,3019.3123927768693,1.9138922399966998,2403,22,TCP
1925.972273258488,7606.7086576528445,57.76081345679036,25475,3306,UDP
1138.8449110400065,20997.857034723816,0.9491725563393775,26309,443,ICMP
1586.0245889317107,12008.351142040896,11.308844544564742,28014,80,ICMP
639.2342912939448,8010.679374524928,54.2745861008997,5582,22,TCP
5470.792084144365,11090.44663129866,45.81474889914226,9365,443,ICMP
3988.658057843903,4360.160932954178,51.540052849512755,21927,8080,ICMP
3994.2174683178027,4317.417038979281,29.96955004196744,28373,3306,UDP
4841.879058430687,1198.3956230081803,6.606099871051715,2895,3306,UDP
11456.183013360453,3888.121330985981,45.675700477326274,26147,443,ICMP
341.5970689753602,6322.605189832406,59.14038073919806,21675,3306,ICMP
2547.196781049478,3431.423678160195,59.94972358998877,3254,80,ICMP
1237.7131433431105,520.5517641751187,48.503501079220825,17178,443,ICMP
6210.920790112757,365.0962895282958,32.10498309522406,18772,443,UDP
10619.76626707278,2857.1628030821616,68.33793200052504,10283,3306,TCP
1694.6077995470805,1896.2338956344315,47.5643588596277,49530,8080,TCP
3136.2941817668834,4958.595969308154,2.1035673307192857,5692,443,ICMP
240.4156897164927,7311.500671097244,10.440955683922434,38307,80,UDP
3173.17842161944,7131.175425036793,12.699960224066729,43945,8080,TCP
1849.3556323474745,1671.0414498769007,59.70831013393047,53030,8080,TCP
4849.265982954458,11983.771335763344,24.666030024544543,36220,3306,TCP
3348.8740419532546,19070.030567235244,1.6165270673460554,36033,22,UDP
8068.369321438371,7589.595583818219,3.324234264211387,50104,80,UDP
2767.0764550310423,6384.363329436841,11.192499861381041,56121,443,UDP
3184.932989598497,1710.2753138727435,7.411490612929718,14632,8080,ICMP
9355.06326011444,224.6872856050946,5.296225941236318,52379,443,UDP
2892.8640273139313,10768.707296885445,9.46632812140326,30851,80,ICMP
4943.827995115629,20614.76814873789,32.39211772312251,7364,3306,ICMP
1266.1548905216107,24069.82040617294,36.77781937061277,40532,22,TCP
7107.179528427434,431.7758006196839,77.81716558897352,64051,443,TCP
5166.445026104741,8893.679516218992,24.01713290305688,10100,22,ICMP
5366.844615995059,5031.611639193775,11.922295660870486,1975,8080,UDP
5642.878078235009,154.9501137062328,15.97381635162715,60149,80,ICMP
4708.6483922575835,4057.4652576069734,1.2980340759641376,39526,22,UDP
405.6508712506162,2254.069763114986,11.675420271701412,15157,443,TCP
1835.9123451168798,5956.274821715243,6.523644512960612,52149,80,ICMP
10476.303099181861,8963.87031042045,3.91085649680828,26420,80,ICMP
8760.925615449163,5895.143975340015,14.175950433946596,22434,22,UDP
8597.881104071683,7551.604134591043,4.20579652640155,19719,22,UDP
14670.534178597207,7261.664505405678,2.0896198222277116,39638,22,TCP
4192.922606129903,9.439839430700227,28.306717274628184,9703,8080,ICMP
3886.5603226442654,27132.06332660531,43.18950066661856,24384,22,UDP
3467.2328978447426,12470.792872323094,17.35566539501651,20704,22,ICMP
336.2765507336602,231.522399508349,0.13534008531935196,4934,3306,TCP
3680.2234162240807,2012.348949455309,13.654688506128995,50255,8080,ICMP
6639.803342991678,2120.690699631824,1.5050268612911626,1569,3306,ICMP
1650.0650251067768,938.5144624796411,32.443118627067214,62936,443,ICMP
11176.574425335799,630.7160071658199,59.28184391348746,7143,8080,UDP
5029.988342974615,5533.8244126756235,24.98022378712789,24134,8080,ICMP
5985.334840892527,928.0491237651277,7.662717061697622,7372,22,UDP
4698.329143793712,11244.131429348032,77.12813979402533,24691,80,ICMP
8528.073961558697,5568.718698990013,31.888661493189375,40433,22,ICMP
3096.7406405368574,2021.8104025282485,2.295385702918998,6667,3306,ICMP
3907.0840965303455,10440.82960887354,6.343888726522276,34948,8080,ICMP
1372.7771581674817,9034.62416425137,38.01640967631758,50818,80,TCP
3615.537366646878,22887.164757397964,6.5511839894934045,30406,443,ICMP
1359.5292836515016,1384.3168247470778,20.551377963630337,8277,22,ICMP
9028.901413365458,1172.337759425418,13.831739059634765,45660,3306,UDP
4261.272448248204,1285.3776286188677,10.09261817719267,13054,22,UDP
4195.892850642384,3542.4625780773645,3.6861802988963364,2109,3306,ICMP
8006.027275884448,14727.985707055037,34.906873455781465,29201,8080,UDP
1244.6167888279226,25456.080606155407,28.487061020894952,18505,443,UDP
1297.7371739929838,7240.864591687345,60.73872365167134,2861,80,ICMP
15420.484161484925,13355.02590519799,8.099463865417698,51174,3306,ICMP
4593.125107608709,33326.51707302263,1.3690724418950642,39713,22,TCP
4238.008760414008,253.3450947228466,68.48250786835285,59727,3306,ICMP
82.82392978994312,19264.907083015158,27.425370300961763,32013,3306,TCP
2482.771342919206,3020.625704071979,0.11903164093940978,29301,22,TCP
11546.951114284866,88.15578054059384,132.25287803150547,55382,80,ICMP
8359.870943360009,3984.698004507397,62.63773462497311,6280,3306,TCP
2553.0020721194464,22869.83769273852,12.701132002725156,24355,22,TCP
5275.691433593035,4161.7275546632945,27.106454707591148,52550,80,TCP
2330.402577036091,5671.912722742486,9.440170322194307,19896,22,UDP
3019.2865074777005,2185.570006995844,8.071524817930552,58127,80,TCP
2173.754318901496,29.470415377365946,16.033517001200096,19347,443,TCP
1233.1557546697024,19115.68842632267,10.189267488236041,27709,443,UDP
3945.5355868229253,6861.763339782373,11.272916875764155,58913,22,TCP
3366.8859900141015,554.1669811749113,2.245850624662043,16723,22,TCP
15374.071609812017,7972.1994309225165,145.6797877039245,63477,3306,ICMP
581.6211705361013,2179.06146152613,29.487485756808685,3860,443,UDP
2990.7123348405075,460.3888986853641,3.3910281167106944,18170,8080,TCP
7217.512764348525,3730.173265171017,4.225177879094528,39155,3306,TCP
3638.594739668887,14140.13223146724,39.46903990231072,39350,8080,ICMP
13261.157419298746,16710.468375445587,251.1373061703484,59720,443,TCP
2431.432366084438,9914.792668528788,20.06484819803587,62942,8080,TCP
826.1241073508766,8345.985643793998,6.660372146749057,44755,443,UDP
10759.457874701617,2057.0956349704597,135.73949292989863,43584,22,ICMP
353.78384188125096,1264.905194674734,30.306860475559326,21490,8080,UDP
2790.3971297501303,13409.767741908223,8.77744582776835,52997,443,ICMP
2084.884591089109,3626.5349530137414,22.769537980061525,42497,80,UDP
4604.374397723328,21018.970263344716,21.295117877574334,2576,3306,TCP
6496.083249193095,6415.844330664027,37.1560328141389,54701,8080,ICMP
3204.5843481363722,10201.400512705062,28.391146239547545,24226,80,ICMP
9423.306680852551,8325.257687551393,81.94235089344946,31720,443,ICMP
236.27844355832664,5200.735508999552,49.072629794380994,32382,443,TCP
1956.9085961581065,92.39528289484132,13.307715990882055,53906,3306,UDP
4366.384789219468,1137.5723323271866,76.46982333164945,18308,3306,UDP
2381.1073302690897,1863.2883050308271,9.686240686493793,26306,8080,TCP
777.431265729597,576.0416410256204,15.608828319605358,3547,22,ICMP
1145.190630314452,1087.7957375006913,1.4933884394035284,23506,80,TCP
2528.031024503535,6471.021066866599,39.92742974539912,6724,443,TCP
2104.1738771568844,7227.4929607747745,26.167384145345014,38633,80,ICMP
6540.918293147876,9827.173189120776,40.59005124749861,58644,8080,UDP
5922.97114576951,1622.8157240698406,100.08200489570886,31001,80,ICMP
5601.9903619930465,12543.747106355757,14.951449635396074,59864,8080,UDP
4861.60593048377,1855.7700927333678,42.55883603016313,64058,3306,ICMP
6986.570988004462,165.93307073321725,32.38657958224226,4494,443,TCP
14790.447759525034,3949.791983090456,67.1938082365017,34336,8080,ICMP
1745.4648512368126,1605.8094665425106,87.49771999577831,35103,3306,TCP
10771.72592580835,7141.457530393188,64.61376099993011,25871,22,TCP
75.43586461309624,20361.306327573835,19.786901475820347,54598,22,UDP
15191.771375841934,4590.806462869381,6.629490542818762,26501,443,UDP
528.3405222262562,19858.429277677085,3.536031649492721,4584,22,TCP
596.573012178204,3727.7259138006702,9.695247868833604,36372,3306,ICMP
2849.267576567521,214.01747862979119,15.502845181576603,14049,8080,TCP
833.1456536222196,19137.960176251094,82.30816542186173,23919,443,ICMP
61.72898872656534,5097.347502550367,13.712724893114661,33401,22,TCP
0.3561307889246991,15483.70736497665,0.7937244650310106,47659,8080,TCP
167146.3921731511,1880.5209178888535,12.834959506839601,18968,80,TCP
8737.113569252177,6320.41342723755,14.262813540984592,25580,8080,UDP
642.9767826764888,664.8925637284382,8.481119451309775,5404,443,UDP
4591.974728097453,7445.81650861073,23.81500749950057,25805,443,TCP
8628.39182014819,4007.4275255175307,15.896537523042477,38455,22,UDP
1088.2734875223082,13135.720099243968,2.213655381704141,40825,22,ICMP
1706.3347421475125,7490.100384375405,19.618881164724748,19941,3306,TCP
25316.777770065914,7828.416845520905,44.16954247018157,4949,443,TCP
6031.9546089107525,3569.3193563437208,32.468270315812624,38266,443,UDP
3611.3156046527333,8444.133910560078,2.2739184219643658,43301,443,ICMP
9308.39957790807,10947.202445953551,77.11940732650933,6518,3306,TCP
544.9793700320522,5955.84527827898,24.676640727950712,33600,3306,TCP
7737.878250110265,14113.612639848212,19.901103626410848,7157,22,TCP
6833.604604444004,2103.258494667563,7.709186792951227,30249,8080,UDP
2265.06353642831,5519.670990288003,53.72277575101502,42365,3306,TCP
1818.3845972560468,7741.25698697384,36.78506767837326,47423,3306,UDP
4116.800859191249,3428.4268072298455,1.0267923060427966,47070,8080,UDP
7259.876755441952,1784.584821022334,3.1943788823642083,49939,22,TCP
8030.4374181918665,804.0233795902955,1.5651989975793503,16586,3306,ICMP
11302.324237876132,6965.576828503265,23.60906490379373,55617,443,ICMP
1005.8759531506321,2196.072362925635,179.04239630019742,23581,443,ICMP
1384.6352774860657,506.70887712402657,77.25050135908265,25202,8080,ICMP
6759.347109918408,6632.520705570015,26.45285449011384,51831,80,TCP
1008.0711107877438,879.2437232723769,113.46949288427531,22121,22,ICMP
45.0713063131666,16625.224883665345,17.312951852956033,5854,3306,TCP
1191.1804211176598,674.8943275226015,10.08716693762223,47106,80,TCP
1811.4879936533896,10881.007334246839,20.588552555660698,43736,3306,UDP
1824.532729839289,7957.852178855164,8.342318826299467,38556,22,ICMP
5626.366179490314,411.4566925661421,10.630889510703575,10267,3306,UDP
5074.195209095284,3479.087065011138,22.48191969841698,41782,8080,UDP
2964.1236143252536,13536.390995077976,29.977243441516535,13823,80,UDP
6497.037345915313,1304.9413304624009,53.32088823912619,36861,8080,UDP
3355.903746386005,4944.704878178187,17.05351093234345,33790,80,UDP
5236.448480949155,13694.923532843408,39.472108337422085,50871,443,UDP
15726.989928487996,1477.8774253819413,1.1385544200784345,64024,3306,UDP
7073.502836559469,2248.670507927625,7.571848022575322,13283,3306,UDP
1570.2046730670836,838.5613850827448,5.6704622279606225,8424,80,TCP
857.9816513598423,18930.50839551092,27.532012951829003,36873,443,TCP
14218.576395324179,733.2017082104021,3.9719496776294783,62437,80,TCP
5397.954942101698,23634.109424452457,133.34241324644415,11223,443,UDP
8929.475776020945,3853.8598693551025,24.218016707444427,32465,3306,TCP
4350.613169217225,12198.581021356484,57.872560360533804,27296,80,TCP
4363.723653930617,10597.891878706403,2.452797504706918,21541,8080,ICMP
36029.84967419381,7423.065677999125,29.24468201570393,43858,3306,TCP
12408.878100469035,4363.271750685699,44.367997104012154,20085,3306,ICMP
330.4705029352312,7060.626963587998,27.111333508095374,32832,443,TCP
946.0369208340695,2935.866511199774,22.73593415897963,55561,8080,ICMP
2238.013148463894,8352.352170641632,38.822537560912934,25511,22,TCP
2126.786135758973,53.76740096810146,92.43286327170345,2385,80,UDP
982.3791826005059,520.3578207534988,28.09221264534168,58114,443,ICMP
5539.803799846419,852.5237287963938,56.997088669371095,18732,8080,TCP
2777.599867778082,1376.1428374492398,13.416308147425369,50879,8080,UDP
10851.916870585612,2096.3660394484727,16.90728945675033,50231,22,ICMP
2180.8135327229406,13740.173413874476,28.342465552897977,34975,8080,TCP
3728.9907596401035,28489.650939203177,5.426576767578611,6689,8080,TCP
2736.183020844618,1583.9724564551166,5.33802031233523,62312,443,ICMP
5314.012284063176,536.7553378928578,207.86509738731212,44947,443,TCP
1444.4098923457227,1765.43352911733,69.12546569980258,28400,3306,ICMP
8842.018823929035,9096.010921805211,85.5901905756594,56109,3306,ICMP
17099.981743184446,13592.11916313744,59.614510377766,51863,80,ICMP
345.61523210497006,4033.6664782129656,48.95541153382374,50071,8080,ICMP
2179.7909624829413,3736.874853454271,73.19143155516419,11857,80,ICMP
2659.7802907881255,6913.450217092763,31.12795647049313,41849,3306,UDP
3864.757521175938,9664.059138070352,12.11029158728622,19460,22,ICMP
6485.339602324571,6119.968126005114,62.70768024254407,6087,8080,UDP
2670.8787820663733,221.5905575412345,32.71333685920153,22834,8080,UDP
3113.086065888798,29968.824287097174,7.826241264006998,7735,8080,TCP
4647.800102705529,3831.855059864653,103.37880071127366,7850,443,ICMP
2515.571247294732,4722.561031032805,42.047368846312615,47926,3306,UDP
17069.877331384047,717.448308198929,9.890401842281515,33395,22,ICMP
33345.54928395631,459.69660370558245,22.20745351812747,26691,22,UDP
601.5314966713988,523.2317305300317,30.851312022954055,13426,443,TCP
3729.7063063209184,5688.8223968181965,18.717127941251878,50759,80,UDP
1548.439877304632,476.1517319404696,53.60534482803845,41935,22,ICMP
8646.595992486005,24074.546622238915,27.617221415941508,38800,443,UDP
2132.7927153581136,4986.487494858021,14.766523842573799,13287,8080,ICMP
1143.521247966883,4850.524486538477,33.15978931947753,8994,443,TCP
883.119787532339,14285.046476974405,65.99924820892961,8991,3306,ICMP
4839.124990807413,4720.715539686581,2.5334447023416176,2639,8080,ICMP
893.0261297787035,1634.5025032400254,6.600970675128344,63540,22,ICMP
2830.764177455335,8374.39186514853,37.648251824157434,24747,8080,TCP
5716.38551133668,264.26013642729424,49.83177890092413,43487,8080,UDP
6453.133766059901,963.7383057429457,14.383797419028324,64389,8080,TCP
2397.1627924953887,6748.900749417723,7.870289493855424,61435,22,UDP
235.8159028417555,125.89448118980926,144.9585730512145,21705,3306,ICMP
2255.740165828669,6064.844423834198,12.916995401140728,32627,443,UDP
2715.865600832995,15346.123353757777,5.030692154681979,30895,22,ICMP
3095.176458132004,34125.223109188446,32.424881507397686,3178,443,ICMP
1364.7737335769832,11575.09112390946,29.632632211209778,50587,22,ICMP
21033.13145019374,1718.5337948449937,4.464170181862952,38077,3306,ICMP
6921.171858732745,3193.3741688461855,29.054751051742183,24986,8080,UDP
468.8177856258569,2420.0173410365715,1.4262909892869857,37042,443,ICMP
423.23524122043557,2602.2840197082505,29.74129186637368,48468,3306,TCP
2987.8123613494445,8623.361333498602,10.007083896411428,1990,8080,ICMP
8007.200989139382,14511.47856186385,13.170483921489609,42701,22,UDP
433.36246917681154,3379.232457452082,11.634329679361375,56583,80,ICMP
8069.725675062301,84.09936052009063,22.783236535290474,47885,22,UDP
5353.308506232992,2558.353971008507,44.556122547072775,41018,3306,TCP
8347.039982776769,5677.147135004983,26.257677978301423,6865,22,ICMP
8644.995077517833,1902.0766744631042,8.819184657252103,49064,80,ICMP
6934.526328435626,3399.6680146863177,4.828721088390473,49450,80,TCP
4730.327783988709,13475.12073822418,46.811663953167155,32887,3306,TCP
10466.258810128382,2196.564703020641,16.11466268517793,38611,22,UDP
5000.68603246244,4986.013390562383,27.562165728780624,40917,8080,UDP
4259.747798721826,5500.95937414216,14.447134916580252,8837,443,UDP
3752.009820577359,14295.228922780736,8.298327037673339,17633,80,TCP
7001.849822276576,3846.599067962454,5.534636967349793,52136,22,UDP
1743.6489533980573,6373.845556378429,7.511965257490366,63842,8080,UDP
21467.620195246505,3171.3885679609252,1.8425203727978976,18448,443,ICMP
8047.96862793769,3452.190453545116,66.42283724780401,26874,8080,UDP
895.1765476953649,36062.176703413075,5.208666536012767,60070,22,UDP
6347.9934444857445,5237.557892245002,22.066122418022207,11495,443,TCP
6595.524483199465,29314.933301661815,12.322600590462882,17873,443,UDP
656.069785673222,4423.564300988084,45.610790575152514,4631,443,UDP
2804.1108555169753,382.3224776173889,38.48060902821039,16169,443,TCP
1712.4354822660698,802.5755725848458,0.11734555266007732,42064,8080,ICMP
1006.710659313255,290.95305088800245,9.078429943891296,23488,443,ICMP
1475.4620973513906,8028.5671941422015,39.46358811752216,64462,8080,TCP
6847.137890211558,6327.729814324054,20.58563859931235,58539,443,UDP
3521.526021964239,1863.6971617735694,108.02508209864705,58812,443,ICMP
1743.6226555435408,9751.959788238022,95.21703180908912,47882,3306,TCP
1153.0573583208447,12761.316630643138,33.39940690902994,46317,3306,TCP
9014.021333313449,6314.384328001062,4.752150867235487,33903,22,UDP
3082.8341621227655,4263.521894861768,27.85694993960991,64928,443,TCP
6042.346442692593,3184.2473426454826,33.2220784964162,7176,8080,UDP
2778.544996911439,1810.8538800826318,47.831680982505894,47654,80,TCP
1493.3667290569472,5197.789028508818,67.57101062001398,10072,22,ICMP
7005.62957391067,7273.140419979557,2.7940321456335564,22909,22,UDP
3616.1344706403465,5016.0773965920525,111.55547802731581,17514,8080,TCP
5170.658574428887,5662.6433882303345,4.827790470934032,39809,80,ICMP
9457.604168700986,27421.868861662202,4.676154737578986,51807,80,TCP
12874.508826860661,21152.47215631621,8.364399097048528,6169,443,UDP
6373.589787834378,3855.7817910985495,48.88164205724479,39837,80,ICMP
4881.24412034192,2306.843018025177,8.367864952193338,15324,22,ICMP
7956.721279355241,61872.78876945145,41.05508128749357,5991,3306,TCP
1618.6941588486156,939.3461549808156,47.41478360701724,27959,443,UDP
1943.8288297851327,9020.270559046805,9.099136822523782,38522,22,ICMP
6552.04481520115,13492.561157664739,25.67670425321062,14043,443,ICMP
1931.1772604354721,157.97007554878724,16.223901765401944,26170,80,TCP
1901.4923596018002,23170.918021801124,91.35363107705807,62535,8080,ICMP
10632.457597579532,4674.746091461451,19.592458690190245,23393,443,TCP
8459.258328345279,8476.63615201986,0.1667107598377049,65250,22,UDP
1992.5824341178636,1338.1253112229363,21.946194775785756,54840,8080,TCP
3030.0306117366504,24732.694937487813,27.082210674353092,24953,3306,TCP
8717.116372634042,13470.67421834198,13.223937016025982,38234,80,TCP
493.231691594081,7838.422705561906,80.93521149540014,46777,22,TCP
637942.764498567,2874.183728895555,54.430900594577935,30998,3306,ICMP
938.1726131570127,8618.270554232724,14.975040481325255,27329,22,UDP
9768.075316381412,9834.449730935805,10.35617796719088,22295,80,UDP
3204.77996719769,28906.608187090344,9.689602147073392,10023,443,UDP
877.5145471462532,1020.9665121777593,6.802182558228969,2632,8080,UDP
2.4211398874060155,4845.777241795593,70.3287296911433,22759,8080,TCP
162.36016704731418,2004.802294656263,13.377062243399973,52357,443,TCP
1984.535728113428,2553.571873327214,3.1971203239843593,16079,80,ICMP
7687.768622898575,22189.133642680612,38.77253182289619,12619,443,TCP
180.77032392088626,836.9804546766826,2.8078856450137466,22188,443,ICMP
6687.112962043531,12693.463397349471,83.10049766942637,39659,8080,ICMP
11187.130267563,26178.85589648652,1.5250746287487829,14895,3306,TCP
2144.7831624224627,184.16176509063658,15.437060586120555,15241,80,TCP
6686.795762851473,2175.112804310955,18.77929507947628,8271,8080,TCP
82.02501550879258,3361.008459344573,27.155206327767726,22455,8080,UDP
649.4879840743515,984.6901904679344,2.701478399542809,15050,8080,TCP
1428.8663808014671,599.563853152283,44.88714308955873,54645,3306,ICMP
2770.8940924628796,2166.3558317954785,12.507104616340474,59455,80,UDP
6191.028998267088,1556.4202633784682,36.0486621691923,24925,8080,ICMP
8697.623300813417,8923.180269244514,15.297236208944495,6521,80,ICMP
2378.4683108687686,8867.096318163296,23.763653318216925,6665,3306,UDP
3597.348221990653,9301.220340664533,65.15931552398797,21974,22,UDP
20075.877227751815,21969.41213222282,0.023457145758807585,30922,80,TCP
3963.6040491386134,686.0554391248531,2.457374769648683,35114,8080,TCP
2662.7140455536673,5334.169340492548,58.47250455211731,20644,8080,UDP
8619.88980411003,4743.896583233945,99.02147087515843,23893,22,UDP
27300.195058850382,22845.85219641614,64.09283918915591,19324,443,UDP
2697.987999178095,1830.8734127620378,70.46596549071344,34415,80,TCP
5517.724675141187,10908.733555533743,11.458197281886264,45981,3306,ICMP
12308.400334768574,1587.6036501421925,107.52372484736371,3825,80,UDP
2235.8159549331817,696.1340115486411,26.77997771609336,31906,3306,UDP
2943.491071541564,7582.628076148867,5.804591548834249,42863,22,UDP
3891.1301808037997,7443.811884345492,3.7796348041089005,44411,8080,UDP
4284.961734538839,25354.727649476205,8.747001672453628,37374,8080,UDP
6690.506125195387,874.3525384602112,37.11749657537207,34901,3306,ICMP
6003.127953549222,3463.7971276597577,85.67420554855002,44953,80,UDP
2729.39183563123,19126.300507145566,13.618988542591278,25433,3306,TCP
12840.369697856344,6861.675584354366,36.20315004487459,37618,80,ICMP
2845.3162527941386,11463.765910353079,17.523888603125712,21632,3306,TCP
1345.344407075429,877.7388782771956,0.7989256164602172,29273,443,TCP
4885.721888005418,169.36940912137015,6.110404253908227,9028,3306,TCP
9174.838246269223,5246.216843592088,4.104071000801966,23611,80,ICMP
1563.6418785116357,2903.9744331701436,27.960609297739495,10189,22,UDP
4474.490359853048,8717.577146473308,0.7191448829497894,15631,22,TCP
1997.3590814746792,13011.048968547087,14.596290941237118,28084,3306,ICMP
16466.79476185111,19875.791317094267,95.78033295054297,33283,80,TCP
1390.7088218609667,20519.84256370899,4.204689511453088,61792,80,ICMP
5854.61158919561,9629.04023016371,6.8309152287388475,2704,8080,ICMP
7026.657105458428,733.7644396694287,8.52786547933477,58991,80,TCP
1324.0989771137242,3042.1394241817825,30.28680681321081,22199,8080,ICMP
4975.581365868666,6297.662184383126,33.844377230169606,47740,80,UDP
2804.7052081445217,22427.345378315556,6.597922802463953,44754,3306,TCP
4642.502136481103,125.07458367490662,14.27246315890618,63654,22,UDP
194.7186571077052,12623.437505727798,13.489322601561156,8037,3306,UDP
786.5441564634918,2504.992488129711,5.366146943398338,63418,80,TCP
1085.013232680647,1249.9098436282384,5.988909298115108,5081,443,ICMP
1710.675162695378,986.8270067151685,68.90582082129563,57619,22,TCP
2738.7616092099715,4204.621919804288,3.268788831195142,43096,80,ICMP
2849.634872664606,19692.027442402352,14.054994736502653,32112,80,ICMP
2788.8616681856274,9718.8211413899,3.4421245711630357,26684,443,UDP
698.224823409815,14845.174139893898,21.783100137522045,7062,8080,TCP
14450.842536668213,7507.644354889438,34.94748449293639,52750,8080,TCP
2096.6004565285443,5543.135988945534,17.925361221998948,47984,80,TCP
4015.103840464873,42583.19733887035,9.728242999867511,61490,80,UDP
9921.213469164988,14648.309899394219,32.00961830000372,48144,8080,ICMP
684.439199260243,18271.791655694222,8.749957381048583,62763,443,TCP
4185.288475872999,5.372831713612969,53.91647026896981,58232,8080,ICMP
2489.037652923837,444.7238135969304,9.319104221288654,28479,443,TCP
8392.411895447682,7699.31488832897,7.7025677019985865,46421,443,TCP
3295.3012762647754,18652.44350729228,80.19642458392026,18076,443,UDP
2162.5495704953023,10246.29953840789,84.04701720806575,52325,443,ICMP
66.71666977514701,55.71881935362603,9.227348343912459,40286,8080,ICMP
13510.132119883714,11064.600336194258,78.41444097293063,29429,22,UDP
570.381623405427,12880.482637733807,82.85085611762071,41549,8080,TCP
4888.556733660931,34632.490212812045,10.437169001216033,18905,80,TCP
1855.0967956383565,39.37935292488255,62.16242527501307,41172,22,ICMP
16475.91984695182,785.5079021150478,196.2500383034704,31654,22,TCP
832.6379927393643,15415.3855037756,0.5705985974644793,21782,3306,ICMP
13550.27671294624,9224.556235419102,51.468896870736295,63956,22,ICMP
20680.5300670859,3907.304868267096,0.04053719424246165,5136,80,ICMP
1579.8227356387667,5476.979296628959,68.56890625683764,49903,8080,TCP
55816.69083268151,6367.905748243114,5.075818273882644,14571,80,TCP
5314.726593611031,19990.85212726996,50.69427837404025,15378,3306,TCP
1529.2620583818157,15742.108516987439,7.220557371772396,10985,443,UDP
1960.3019015026666,5452.431058597616,12.107989119257713,7630,8080,UDP
6764.005900795474,4811.436699096067,11.080705688361821,9016,8080,TCP
10595.75687959162,3992.0685587983808,12.92180310550501,54740,22,UDP
4649.772994256309,7004.2986925682735,63.09892331758486,60779,22,TCP
8213.218734251055,12621.41188854356,15.149484776324524,38748,80,UDP
610.7472387431635,10964.639639018473,18.778198118894505,1917,80,TCP
12519.979755019616,17811.574301701974,1.7304149446600505,56793,8080,ICMP
688.608284794075,7402.047191537378,18.762559431088302,39850,3306,TCP
59709.59295450795,8547.742926585079,8.69271909250055,34625,3306,ICMP
1526.72201826917,5061.516102291363,12.059730340021664,62146,443,TCP
3747.3835883500105,17526.00003963888,37.129780487656475,27460,443,TCP
912.3499386555801,36771.492492402525,10.378305395567047,24251,443,TCP
12885.208002525625,4085.4408990511342,13.49549704401052,51330,8080,UDP
1261.3769713252213,9999.850118599279,31.133811125399543,35027,8080,ICMP
10727.017721870474,1846.3312099123264,12.138616132088137,47270,8080,TCP
12483.165282121832,7251.7561002737275,34.58750408356772,45909,3306,ICMP
2843.484142616402,11468.041119027592,5.968762270218675,55177,443,ICMP
11235.441534311909,2851.2548198265854,2.5249752709654847,21484,8080,UDP
8323.982636907891,5121.22504048773,8.951828772210492,5670,22,UDP
2610.41671206845,26666.967352062038,25.082568440766437,31837,3306,ICMP
8387.026076392483,31.164623959089784,7.596604139303149,42798,443,ICMP
5762.430242486262,17979.588548935597,152.92682339677762,53736,80,TCP
1657.2133103897868,28706.01755876098,32.51844204954924,18251,443,ICMP
18586.16757300111,8984.910771528654,12.943724750359362,49107,8080,UDP
4854.511500281397,8606.31954268096,149.46373149567026,54709,3306,TCP
9335.824911097345,4395.100934523852,14.051550214947262,53177,3306,ICMP
2820.617944494673,17129.83686171666,0.32813210620713457,53153,80,ICMP
5349.182713717777,8711.202779893438,19.64824996160246,64718,22,UDP
1419.920126951198,7075.348646406931,37.63270830570586,43675,80,ICMP
1833.3934020687268,5532.5676212170065,10.230219391956515,24914,443,TCP
7170.637930054082,9159.829138460302,3.322368246839783,29181,3306,ICMP
10169.87551035685,15.818040015006217,87.555891916161,49219,3306,UDP
20499.66461946182,3193.08381758942,16.443890403689466,16283,80,TCP
3497.778496210891,6317.755606864017,39.81437557266973,39910,80,UDP
148.18064562735384,6969.444974452059,56.54464433465232,37971,8080,TCP
916.9863915646,5058.679991609759,25.754628480806385,44027,22,UDP
955.5418368226619,17850.346725559393,23.15393054732384,28200,22,ICMP
16688.737012708352,9380.823426737306,20.548494227492437,48754,3306,UDP
1867.9470063269005,7609.770516531611,86.64176226422724,5632,3306,ICMP
1947.338666169635,27086.654754112744,11.757392905129388,49389,3306,UDP
13554.661304060128,16384.53919516193,43.132173639824224,53399,8080,ICMP
3957.4239974344455,19357.27176431988,24.411598569417052,58164,3306,TCP
2157.3953897300626,15147.113610347065,3.546189370640037,60554,8080,ICMP
157.73049730236139,10017.118711335097,37.08627677997605,23559,3306,UDP
493.25846239753497,12395.359403242795,55.18605990410213,4016,22,ICMP
1226.4882422300375,3681.6358694946866,14.214686795875437,43180,80,TCP
1340.4352002131175,1499.79925939707,30.223680190088775,6844,3306,TCP
3034.6306249850745,10727.513310359245,17.409426111543418,19105,3306,ICMP
4528.69508926155,840.7200705542973,0.7203857117003366,46341,443,ICMP
1401.8325241654506,8388.37004536484,14.40288014129793,39380,22,ICMP
4335.786985303174,457.8221968563318,16.424998471741453,40159,22,UDP
2803.4376605520065,8605.367196072408,211.3462010698163,49483,8080,UDP
8897.856496641787,1313.601488065391,31.46094762391014,11650,8080,UDP
3831.668452047643,4596.331685377944,6.510602541221056,52052,443,ICMP
3499.5714972356704,2558.9196560792657,17.538578743717135,38862,3306,TCP
2415.811397732062,5323.677950973127,3.8792276730314135,28126,3306,TCP
3342.012608770172,4068.5164055517002,64.93812778903903,30935,3306,TCP
1824.3566877931123,982.9449475115028,65.88827480527291,33842,22,UDP
1438.528352169107,905.729595843562,48.01867491363977,36528,80,ICMP
4330.193321256175,476.06027247778206,10.723532918367882,22560,3306,UDP
2031.0848872542126,5909.277872654961,1.6586545260198597,15412,80,UDP
1938.2474361190652,686.2943988778225,13.148262203022016,11928,80,UDP
15964.026905626359,3290.556042236312,68.5324145469983,23003,443,TCP
5790.873918749328,3075.6843850632918,59.56911727656528,17830,80,ICMP
2538.762417475659,3534.545867615168,4.836074430897009,34320,8080,ICMP
5542.819310979568,6562.545494602921,31.0093860431861,59866,22,ICMP
8997.388996252035,2158.078048966592,17.39941043740976,7997,443,ICMP
19789.103854546924,3876.9375680445846,31.687865196697494,20955,80,UDP
4176.399297936971,37849.110853075814,32.8609681124823,4194,443,ICMP
289.9893468332886,14738.683375472898,2.9231515534653374,63906,8080,UDP
3582.9908489729605,20522.48169753527,14.813859885881975,46231,8080,ICMP
429.96088150450163,4413.413453217137,6.831632439491197,16601,443,UDP
17090.454196516603,2281.4044376072006,22.33721499381141,27747,80,ICMP
781.3809091674168,5742.982179020103,4.72117039975999,47670,22,TCP
356.9671389628931,3689.329776399804,10.906620314371358,62807,8080,TCP
11556.603577169757,16017.770920156387,13.599675106722254,38047,80,TCP
2884.4305457358328,17617.027200883553,16.217793800323285,18500,8080,UDP
3606.809218711813,7746.2574445921255,48.40869206182506,45979,80,ICMP
2926.0009466790348,5441.2537546881285,0.2829629383119483,45262,443,UDP
13268.711618990046,4326.912087299924,67.29378980693441,42566,8080,ICMP
4362.488790275536,6480.276094707093,21.8833760284924,3989,80,UDP
3214.4919622592643,1364.836138381563,28.607039453846642,46617,443,ICMP
566.5201884018849,19161.84832628172,4.0506479423302295,2289,80,ICMP
14642.40311427462,2921.760194877538,27.305416857665353,59441,443,TCP
1314.7419670722302,2753.0261256310814,15.125245995290115,57920,8080,ICMP
13818.401074336733,27313.18828649085,4.368224498864464,37373,443,TCP
246.86921086067343,20796.14628429124,29.112514340306156,42702,80,UDP
10212.686486392866,10849.794738453187,4.506397258874951,5400,443,UDP
2806.4967190677885,1733.911072742668,4.7436565835139834,57434,80,TCP
21669.823366692144,8228.759865971851,109.99140743609843,18495,8080,ICMP
8879.984711609302,8202.558828201045,21.700819868685258,17932,3306,UDP
646.4074563050369,1464.4277145461838,49.2254471435318,46711,80,TCP
678.850840532705,1122.385801835756,2.0652172649583966,61592,8080,TCP
1967.7439211022588,1565.8380371035653,15.31280581662082,32897,443,TCP
17512.185537360838,6652.4232337694175,3.6150239614647255,33764,80,TCP
4488.269639174145,1157.909420482001,6.064753768160096,36411,8080,TCP
4418.536704887723,1739.451170754561,43.88606872287685,19805,443,TCP
8910.24384278812,4011.504115223201,14.347515216830567,39510,22,ICMP
6151.035127359558,5351.26016693811,162.47450792453077,63018,22,ICMP
5946.52007612221,9409.661360722219,2.7388783900986686,25707,22,ICMP
9592.592972587401,1693.029980847678,15.794577848830182,50896,80,UDP
4240.787070779873,22915.941867514968,9.326414321503837,50948,443,ICMP
6598.896017232222,2728.8885179711665,8.373815757036487,55912,8080,ICMP
2485.3918151980715,10491.179554378286,7.346478254763222,47699,3306,TCP
3767.565974091509,269.4245951595293,27.43888218243822,60467,80,ICMP
4859.692417082579,5094.816591217887,7.462329234594579,47104,22,ICMP
2510.2157188521096,2809.00779299503,31.41671900118756,63996,3306,UDP
8621.879545261843,12772.755120700778,14.976661796062515,47169,443,UDP
11909.89371580106,18119.390415615697,29.330621370439545,55013,22,UDP
919.4283502358595,8761.808492173397,6.172854037096474,58461,3306,TCP
9195.457909482087,44462.20541536478,72.3972226133991,64464,3306,TCP
342.23961118268807,961.5384235041045,48.13443788281394,39433,8080,TCP
1177.5262521504173,7606.578613159427,24.56335244800626,46841,8080,TCP
4235.3841146231625,3931.9191976522834,52.44426110873572,63410,8080,UDP
9657.57971737556,6895.2007614958,22.75353394900714,25553,443,UDP
18269.756183844653,1979.6927932916983,0.20477298565020655,8713,3306,TCP
5213.938324782283,12189.790075718298,21.599176339161232,58069,80,TCP
295.8651184143216,11429.792292027221,14.924894469562732,41792,80,ICMP
7630.8156766379225,3598.0431458648354,13.99952742017586,28665,8080,ICMP
1158.707600593694,1716.5556850662601,36.74262970976281,47273,3306,UDP
1258.5795149187675,6102.980744728373,4.864880627270828,3130,3306,ICMP
472.724451621739,7310.416777815554,78.1434881432882,31809,8080,UDP
3312.447008727354,7459.39904923815,36.25471429572842,18149,443,TCP
2016.7569197940163,7000.829841472264,20.223433116268083,19616,443,ICMP
10225.3879827676,1524.541695856989,12.278312225424946,63555,22,ICMP
6322.91195940664,7266.230449457032,67.37312964244678,36507,443,UDP
2194.969388870625,4889.484501100189,10.538980452712474,10083,22,UDP
1813.4609997955597,17652.984389557598,126.80398583711516,24554,80,TCP
3589.692649706717,9.304244799999147,27.232836865757598,16677,443,UDP
1436.970172930874,1002.2338142905967,84.22576710653318,59672,3306,UDP
259.7017395991742,4721.075587451933,9.715048086543884,19814,8080,UDP
2206.0366509333903,7130.945570643999,87.65057585652926,24041,80,TCP
1446.2132389775593,5879.355938576241,55.85591399710328,22580,443,ICMP
6537.865869942946,9865.33840328217,4.768578966572951,12359,443,UDP
5290.151494887281,2292.256685783299,50.73823478093126,51354,443,TCP
1290.6585717473577,3931.512252673049,31.59873707954712,38207,8080,ICMP
9964.879429242697,4656.440562934703,0.8585419047348111,29213,3306,UDP
4133.043608767669,9465.649492821327,77.18703097377798,26569,8080,UDP
15065.301143792793,20049.37708592501,6.099096101812955,44032,22,UDP
7439.633190816884,8764.426832644845,1.887677741339468,7210,80,UDP
11612.765698680161,393.3821157083573,2.124501766729805,61133,80,TCP
15891.801517343534,4413.652627273268,4.030879134534294,37462,3306,TCP
2579.5204513889507,6415.818637217236,51.68196104728711,15710,8080,ICMP
5503.966698590575,944.9478062642296,27.99389763508688,35721,22,UDP
865.87682835053,1700.9658052967704,27.754260805037145,55990,22,UDP
1391.4410482730004,6633.619993610009,0.20221749616975265,12197,3306,TCP
1143.4973806791606,4674.611766814706,20.229743911273506,34817,3306,ICMP
3089.5338480470996,14495.25816644733,42.57300091326046,39578,80,ICMP
6231.746555577891,12256.376296759841,15.70984105576208,53280,443,ICMP
4219.606593249766,17609.921439253576,7.623741488484318,37624,80,UDP
143.00199414991351,1257.6797793360397,13.759137416599577,48530,443,UDP
1212.3281788807976,12689.562446927035,38.15106317706134,50930,8080,ICMP
6247.4189229223675,1078.8106833000934,2.456351396285851,58511,443,ICMP
5077.912934769867,1009.3516451543862,4.08034230814503,24349,80,UDP
1595.4518131718735,2751.81135307629,5.603077955245161,46431,22,ICMP
1826.7410636481898,1428.4343156087114,3.077039807249606,17071,22,ICMP
7547.503627247528,10474.404127492684,34.69008109487889,55490,8080,ICMP
3664.798480927369,801.4620508002585,1.6867801558292832,62388,80,TCP
4544.905672826844,12728.376936619128,15.836989418840012,20003,443,TCP
2847.291747529961,2787.826748972284,20.775366017647407,37228,8080,TCP
6816.447740964968,12917.415809814038,22.299359199089746,54073,8080,ICMP
11148.717667738247,5777.17361485553,5.13654661892377,2774,3306,TCP
16769.278751424477,8570.231398692971,33.24869014783804,46505,3306,TCP
5617.186779617643,460.95607362662486,83.60015847522101,53968,3306,TCP
2583.7729168365986,11569.373141670667,46.63302536612766,57227,22,TCP
791.0132189483489,3537.603409978982,107.61537777591259,13717,3306,ICMP
18227.652955270627,1311.3132008261234,97.4580492515521,49869,22,ICMP
1545743.1599516908,3306.633243026942,3.3016219836477103,51731,3306,ICMP
6753.850702956928,4136.863059693673,16.256149599700837,1207,443,TCP
2482.0044268198876,2386.368631647145,68.28670194016661,46514,22,UDP
4780.844356179686,5924.4493879465235,1.862924158736488,41422,8080,ICMP
9444.048301319783,13496.95629759448,8.162128892430845,63523,443,UDP
1942821.2401564815,4670.791598424186,7.673487555809766,3798,80,ICMP
1106.3129853123387,1361.9767632745568,2.26169934170576,63314,3306,UDP
453531.2993351192,4353.248850706334,40.0151982810464,37886,22,TCP
7957.574032461729,2966.817732794044,38.9202674341083,18726,3306,UDP
23242.98406485817,824.7069465898046,47.57576473370022,26020,443,ICMP
7102.849245017767,1921.2990584530892,19.37189371084162,50468,3306,ICMP
4882.435053772815,3768.3574104299623,18.321218475644176,65280,8080,UDP
5766.583804509395,7045.946801998153,83.69929781832838,21464,8080,UDP
1766.403876920289,15989.121315618042,2.44218298104415,64484,8080,ICMP
5739.994504169021,335.9358311136911,25.44381351797563,41614,443,ICMP
9912.970342796165,1579.7864877289617,22.97828051792637,13411,3306,UDP
1544.6287840766627,2236.9498653453397,93.13116022316883,39585,3306,TCP
13459.780237383313,13383.626244098174,85.0186280194321,52746,8080,ICMP
550.6612265185886,5802.299358743374,10.787528245612632,4542,3306,ICMP
2437.7876696606713,2797.2303560847326,100.85725548957005,6114,3306,TCP
906.1710584478899,3910.1310909589065,20.410896667539912,1358,8080,TCP
428.0042077303704,6030.486572684614,39.06828113254859,37819,22,TCP
1838505.1532099303,2141.0252941318286,80.08613856925477,4750,3306,UDP
1587.5992075243842,13619.786166104624,28.405916085323483,61155,80,TCP
3603.8385187404238,12486.742619874389,32.39581695575375,9277,22,ICMP
4913.959478091958,5863.556906998439,92.8418290687567,5643,3306,ICMP
703.355237926429,19684.22938774203,22.4489479192708,17645,3306,TCP
1722.7257873907622,151.33204715527938,48.76252687746569,50257,443,ICMP
1628.9079276830992,29378.216643274747,58.09136202024381,59532,80,TCP
1863.6033882113015,34702.40533718488,6.420454786824049,17216,443,ICMP
3296.0923046278635,1376.8061723038534,8.052444841563425,34481,3306,UDP
2027.8256280499115,2667.0480415881643,19.366813192873643,50940,22,TCP
842669.4520217528,4401.579231798859,34.46239256372026,52432,80,UDP
3606.6103144585286,927.7876708488137,51.067841020143675,10888,80,ICMP
2614.689496493473,7516.900781736821,1.579735655601634,55104,443,ICMP
1297.1006034720124,1910.6194802583614,55.45046849294972,56972,443,TCP
7180.639620426407,7913.818292255979,52.56525325035195,48435,80,ICMP
2432.88497433848,6078.641350488269,41.23208757427342,35037,22,TCP
2456.4569041636705,5209.9437177628715,7.0426727768371835,26272,22,UDP
16645.616644249556,1370.806958961233,64.55064907019668,58400,80,TCP
295.7855820847246,3576.1315978104317,1.390960534608217,56752,443,ICMP
2624.9029811873975,12161.277962068907,1.5512199112617981,34454,8080,ICMP
4618.697635316488,15148.969839352072,11.045993097835204,48894,3306,UDP
6902.782005184948,990.2297971584956,3.571255184892497,26821,3306,ICMP
6614.99394633433,643.1743324345465,1.128848299563736,48965,22,ICMP
1623.9515801157568,4149.591252760369,29.75586568084472,6786,80,TCP
37.04995099972556,883.302218011371,60.069689403665926,59185,3306,TCP
5526.846107732235,14847.253918177288,56.103493800830236,34282,3306,TCP
445530.75419535115,15671.087362969076,36.44438918881978,39644,443,UDP
46105.671082290704,10623.31334467646,6.470735314158808,13241,22,UDP
3535.459908229068,3708.160112952086,5.6114222501536135,35122,80,TCP
1027.2412082309343,894.0969204053531,101.37433201865427,1227,3306,UDP
606.6593873365509,318.84535713260647,4.818685731393584,58449,8080,TCP
4265.759501962857,9250.592886917811,155.39722841319582,49334,80,ICMP
5605.654047569271,8457.411537634775,82.23314781869313,30341,8080,ICMP
4839.485788961795,3022.675739058529,18.96580395239094,54944,22,ICMP
1840.6006362580988,8507.197271228697,18.975423986492192,53379,22,TCP
4628.601237722764,6850.81612523771,7.848223349804616,8705,443,ICMP
3052.7267095987677,707.5836366772852,20.270208567402445,4497,3306,UDP
359728.7268030341,2302.25216176064,3.290483085322114,17381,22,ICMP
6365.657155860578,9563.109811968956,21.07860731733852,1107,3306,ICMP
4521.536960072354,5378.572701642558,64.6106354715449,37997,80,UDP
4979.393030939395,14344.335403283305,19.467201205768344,35104,22,TCP
8209.662882394341,3907.598431715607,4.591380059197838,35729,443,ICMP
2308.6080653979234,19929.514304866865,12.952887986504667,5772,3306,UDP
3708.706530863229,13289.345487552388,38.6857465202633,60257,22,ICMP
5179.734470462354,15266.02603275476,9.792556243846501,64021,8080,ICMP
8898.81328590337,7824.780974230171,18.162550638697528,39120,80,TCP
1478.5044072049673,802.1530125680516,8.119640799885582,1378,8080,ICMP
7339.384141421584,2755.272892850113,14.382164192287767,26568,80,TCP
1613.0421893236185,25844.610542723527,5.7511753798583225,47352,443,TCP
1986.1815467776091,2397.4580434799896,81.29034451880878,49325,443,TCP
2750.3258165506295,7131.571818331427,27.58048826330859,16724,80,ICMP
580.6172358044603,17855.817775323525,18.781817965650188,54097,22,TCP
10789.150919137333,16301.028656511826,117.04551500448704,63441,443,ICMP
9867.70278749358,12592.924227832698,61.67123772558942,33838,22,TCP
15354.156451923498,13451.404224623835,3.6427557998349234,25637,8080,UDP
4503.9498174280025,10761.870917256747,50.41926447221892,34965,80,TCP
5677.7905083017995,11912.79471913295,34.05350248794338,2784,8080,UDP
1764.3231478987507,4732.221736613654,53.24463902080809,34792,443,UDP
143.59377940504706,11644.585987871196,12.459250498784064,2761,443,ICMP
6644.457974563661,4772.3826939814835,18.993719870477193,3268,22,ICMP
1099.2391365494116,17276.112314780148,51.45163995036352,36722,8080,ICMP
1443.0479172926532,4909.632817222242,45.892693339161866,33975,8080,UDP
24901.206535477926,11952.613616037579,24.925300900939757,64677,80,TCP
829.3565234610749,5696.542376400861,47.072546142000945,33774,22,TCP
464.67792901704183,935.9776685087155,2.905090067479591,64230,443,ICMP
391.4139830968783,24678.67210043209,33.38369401467312,53091,443,UDP
5338.858882135773,3697.090752430804,0.2576601546770318,22781,3306,ICMP
2236.240975376458,2570.366089537821,2.3744416443332588,60772,80,UDP
2026.2828802822714,667.4396850569892,1.3605117762108025,32163,22,UDP
3984.090700173219,4810.75803678421,82.05581992122286,39404,22,ICMP
535.276063176189,4414.91015378514,55.13140776686095,7504,443,ICMP
707.6161245505465,18424.665759943553,31.298321379861413,14738,8080,TCP
12453.443672227142,10813.613605319119,23.130180752949123,34710,22,UDP
10612.8483577282,1489.9144273138654,4.586698038602535,18521,8080,TCP
4147.205737644605,4076.175688501789,3.8902834366366315,39711,443,ICMP
12250.968500169034,7142.534191875472,35.993177677740405,6179,3306,TCP
397.02687080379144,20832.448412441692,51.70712837583402,17220,8080,ICMP
4042.296433960282,408.9508243206353,49.61387497632794,43934,443,ICMP
5718.224522353576,3433.2451880500653,105.07295374220138,40512,3306,TCP
9268.158549255513,1825.4474717487212,19.153991724491682,64480,3306,UDP
4300.626275054975,6286.420797234142,4.958202693070149,59064,22,TCP
421069.69867276284,5888.696974096111,3.915590436760195,53318,80,UDP
1724.2721260004344,10420.74653780409,5.8430812457161645,1085,22,UDP
5501.133757019338,5490.742735618661,99.566900255033,39889,8080,UDP
677.4409790457834,7109.464618300669,3.401593963396021,15792,443,ICMP
9760.594307900423,6329.741171288162,23.83900413271849,18242,80,UDP
3394.7230104669766,1133.0852453681175,88.71334285720653,14566,22,UDP
572.3007976685217,2156.526031398907,19.120062018182,30434,3306,TCP
1788.3638322693278,2555.787574794556,3.8449421883324355,9016,443,ICMP
3118.945654129775,43344.506052372904,35.63829809081585,35330,22,TCP
17535.720548922975,900.4732168936506,4.9719394690358865,11739,80,UDP
5637.90207236486,1346.3173441101526,63.84954268823964,33308,8080,TCP
7851.870802359043,143.8549684304101,1.8236722980093556,41402,3306,TCP
23143.04333272335,5529.417509305687,21.806514153687324,12615,8080,UDP
6851.813447003665,11296.252855641453,40.69846691062848,7648,22,ICMP
379.7505110245823,10313.21779298657,5.06117254857742,53036,80,TCP
6197.474847053732,6281.12726548879,1.2660718047057091,48667,22,UDP
7425.279820780975,6480.432838501518,20.495366479967974,17890,3306,ICMP
1887.8600026222753,4829.107610744657,14.63388000747566,58246,80,UDP
885.3590182049854,5891.912627881831,8.756982412225446,15291,443,TCP
4074.324257950922,9164.18215115415,33.183288467807266,60799,3306,TCP
31116.503347140464,37072.643881937634,37.591808334182524,8332,22,ICMP
7665.737014409888,18514.38668497108,80.6652798477236,43612,80,TCP
10241.80523934788,13875.653343006676,124.40673112233982,2260,80,TCP
7398.897134797539,18891.59334032615,18.905643188375365,13758,22,TCP
2123.0064243614434,1109.7948566047903,1.787748569121801,27131,22,ICMP
4790.4773687924435,13986.92533270454,7.6459470643362435,6526,3306,UDP
14657.986921454367,20363.69730482064,1.0091286903360686,30503,3306,ICMP
1794.322952145588,572.7368732077213,16.27129405879805,15992,22,UDP
283.10564873860125,3056.0823958005494,2.9990517721128405,7407,22,TCP
38073.329599698365,11288.855670776054,79.38774051380446,63080,3306,TCP
2499.08475211359,2425.0173758204614,1.8286151904852792,64362,8080,TCP
23169.556192048498,2696.5049067159284,46.19433588433283,63105,443,TCP
4480.628402383365,12030.73229416984,7.599625651205774,10965,8080,UDP
4128.210322047346,11709.38696632063,13.033619240414838,25661,8080,TCP
5286.98664061725,906.051260851189,48.533439654442894,22146,443,TCP
4326.002155400417,3867.6887504857855,0.8837634801369548,22041,3306,UDP
16433.00386052912,4031.422771821396,5.28140138267186,27899,443,UDP
2709.199848667845,1179.1983931937418,18.801146396858453,33925,22,ICMP
826.2093457145263,2579.0591770268475,29.12444495772881,32321,22,UDP
9782.81093250579,262.35513790118233,19.142370660928883,19841,8080,UDP
5746.0207431386125,2651.1301596102376,21.952883498306726,64233,3306,UDP
177.76028065824852,4705.858584654876,35.58821436610543,64223,443,TCP
5703.726564419005,3233.769984636445,1.1182187677256614,22391,443,UDP
8333.279706236603,12153.231651810062,12.008408860861822,15295,8080,UDP
1906.6909256241627,12406.474214585454,18.15596854677586,35389,3306,TCP
2645.196023131464,6619.27004874192,34.06192741463552,24837,3306,ICMP
646.2543919732017,2907.657860243552,18.1094562382898,64705,8080,UDP
1709.977214716215,340.60814253570476,15.132942121932876,28723,8080,ICMP
5651.961985493381,1156.0731825434134,9.899294849591728,3590,8080,TCP
156.62755247263365,11833.857599627494,22.707362100220276,9092,3306,ICMP
7491.199823275595,632.0325232252856,5.9134279467117095,5834,80,UDP
14547.628946234941,335.40962022624205,2.4178763427404952,25720,22,ICMP
582.4424203539708,3985.38107928207,66.39875032159529,21442,80,UDP
2913.2238872239045,14800.764833397683,28.838202464331218,56292,22,UDP
1182.203851123282,9060.574113038232,3.033290626572731,58476,443,TCP
3319.8489331435167,13866.33387128544,0.7029378562928461,10078,443,ICMP
7935.506068024613,3491.6358800261028,30.257494208173863,61960,3306,TCP
5348.197346490252,5189.982333053662,47.023364867366936,38699,8080,TCP
2624.240147536481,4262.50549644656,21.999344817151865,20816,22,UDP
1065.8122601223288,9391.91254523226,1.1167072342502515,27256,3306,ICMP
20188.88650666684,4285.595842804062,6.07515753345025,29497,80,ICMP
1537.3643194943281,10332.21635762638,1.6898725759057855,12025,8080,ICMP
1813.791992324136,3872.7575871662234,42.23123830489618,56981,80,UDP
25.817412301716438,3287.6728429067516,4.855266620124038,1819,443,ICMP
22259.082524600177,5971.650712447343,54.50032379262571,5521,80,UDP
7607.392311528372,1955.438456888305,40.12296531083736,18657,22,UDP
9962.214252222158,58510.34254363411,17.747895630238606,10287,8080,TCP
9690.802593293565,5642.852507889232,17.202155686893036,5012,8080,ICMP
2666.9040614845317,6450.690091206242,3.123297781702269,25757,22,TCP
2953.0911223999974,6262.120674351812,8.665847180284063,25329,3306,TCP
8393.955716391269,212.19727630283663,3.2855136658509396,9124,443,UDP
6426.6209908193105,6921.586093532652,52.88049164177608,53291,80,UDP
418.70318972797236,10759.724831429903,19.866605351666536,57959,80,TCP
3450.8389457721696,5732.064466993111,2.582151603893362,47451,80,UDP
16349.539189418338,6886.3588147084265,52.02638390145129,34710,22,TCP
4625.547989593388,5816.963864758005,1.9619367833302932,62140,22,UDP
5053.1212761728875,12141.090178446786,7.467520799595415,23635,3306,ICMP
1533.2833637525341,3738.642647897526,54.797186105584636,28571,80,ICMP
20138.947991952264,2837.6983681597503,28.39904315759597,1996,443,TCP
12237.067548929268,4622.737098479573,22.848361141842524,46684,3306,UDP
3582.3305793818326,6004.517416380189,60.882217857267904,6991,80,UDP
2207.1510091172718,4833.709216789631,5.434576025916861,43945,22,TCP
1624.7458012270515,5075.773485928159,10.112317750969252,51499,80,TCP
2633.1955819281666,6924.003986394553,14.977013333229497,15025,22,TCP
833.6079662527618,205.22351566092152,54.598017986674364,40505,3306,ICMP
1405.9424577391167,30117.183700044458,4.038322329813909,20608,443,UDP
249.3385797071187,4851.121586410881,47.15591643873315,26720,443,TCP
9860.642053172158,6239.427747386659,0.8572705281731116,35203,22,ICMP
439.1341401896288,12310.961721456457,8.798721829569226,17117,8080,TCP
265.88914224582976,4623.893038796167,7.662027223291824,52417,3306,ICMP
9755.958452816474,8126.304856972131,18.603784703724358,26481,80,UDP
3888.0463165731044,27686.80565772006,16.829279780656748,30816,22,TCP
6467.738709048042,6742.1192292448795,118.8452178446939,53580,8080,UDP
8690.494916572117,13818.18831252405,14.567777058065465,15715,80,ICMP
3427.9762213571516,9497.605791358534,29.94143023814069,30199,3306,UDP
6741.663369523644,4736.5993254214645,1.0458070021113992,65113,443,ICMP
3675.825636603463,5467.568827763551,43.361376244658764,26810,22,ICMP
18970.15563920065,1595.1159428782214,16.436961494412255,8480,3306,TCP
8454.092245315764,6601.05255726376,14.009536053587778,19372,8080,ICMP
1810.0235582753912,4974.546006798031,4.3887945986642745,62689,3306,UDP
3591.9857712433227,4086.8226755508113,84.96352230385162,49996,8080,ICMP
1108.7936808207512,1645.8762476117147,29.60985161869351,53216,443,UDP
6357.944963041931,5137.5571996012595,9.381720253679482,17381,8080,UDP
1391.4558908641645,18168.794337846015,0.9637983681296911,55141,8080,UDP
3635.0458977496987,1599.2368307038064,53.16807547588356,26399,443,ICMP
3757.9679751364174,5910.209136847463,28.79259486755868,52304,80,TCP
4089.455761798021,2404.96460438198,15.975522819422078,57850,8080,ICMP
1426.6423002027977,3086.1033555958065,9.278624148352053,14453,22,TCP
3735.164081471125,265.28181519738735,38.78908229877896,61567,8080,ICMP
9379.56513232686,16066.800975116994,44.94191461937592,41832,80,TCP
1487.0725522748457,979.985512321199,15.64367401901977,48174,22,TCP
2138.627964328312,5901.805542698502,24.586401913375326,49842,3306,TCP
6034.954268691345,6115.925884113401,99.4087441079617,11890,3306,UDP
1144.5881664995666,7820.023144794479,133.50729440479475,49128,3306,TCP
15174.04545253574,1440.0577083434546,61.21855827832012,14760,443,UDP
7261.66475470089,12431.77372787449,19.797335697346416,18542,80,ICMP
7285.170539447487,3589.1371840167376,3.589616708821143,8543,22,TCP
6275.855243272394,4590.167578202522,52.46504746765347,12708,22,UDP
1861.4334970349475,1248.4855323821512,1.050282203306831,64175,443,ICMP
3047.5136671022947,1664.808044842275,11.34129865670768,22191,80,UDP
3586.419700718018,450.97501639411456,1.2164009077436306,25990,80,ICMP
3852.4764293872663,19.658848606562348,33.195171160593446,31979,443,UDP
6930.226865512404,15866.46161555709,13.225855509384123,47016,8080,TCP
1875.924765719892,264.99179342282423,23.837064049615627,38039,80,UDP
3033.8056279854823,4791.784071036253,17.783893423745297,35611,80,UDP
17481.05194818891,19050.73733755283,24.958820623516832,55016,443,TCP
14345.660074734866,5117.091174071816,3.7440124111596558,33017,3306,ICMP
1789.8925898529517,1212.8848360557843,3.0620119991574852,50635,3306,TCP
5513.776945120366,19743.37483305175,34.98562655140055,59786,22,TCP
1241.7411264142304,10099.562664168703,16.618400044442428,44643,80,TCP
2052.999728232026,152.0563872734141,17.13615866257953,3302,80,ICMP
1956.3940646355131,12128.332416757406,2.169533700946587,18021,3306,UDP
5359.235683945779,9723.449151969104,27.76290834756103,40875,22,ICMP
13256.514043155483,14592.693084787159,24.52188010858671,31917,80,UDP
3187.251843705828,8442.83379026815,0.7847517867268771,19394,3306,TCP
15139.598256153991,1833.1715144121931,2.9979652185879835,22663,22,UDP
11145.34102046429,8600.63351681065,23.108216956641723,6079,443,TCP
3774.149262341482,10031.18943365391,2.1770686142149334,16179,22,UDP
5699.9627400944455,13001.305848183767,8.948040472598887,51521,443,TCP
4795.371300791696,4044.8029992527277,4.124323956020857,1684,3306,ICMP
8972.755194771678,4606.074001714101,20.28299833694791,55008,8080,UDP
4506.625418744653,6048.818779151584,21.20994588839928,22923,80,TCP
3575.5311207935974,5467.132589375049,25.801703119647634,53141,8080,ICMP
4582.820743597163,4629.041430100412,40.350038898283515,17546,80,UDP
4341.788816254508,2628.0786037196162,14.474746162466426,54489,22,TCP
1479.5094949602585,1347.5831773147281,1.2284540163770687,37917,8080,UDP
122.39578231744468,8542.372497770824,58.61836183146906,55951,80,TCP
2531.940371592028,12261.691316507036,25.683338147214258,5043,8080,ICMP
2235.8438176021523,5781.339415069984,14.297052903783069,52466,443,UDP
29855.120899865437,5348.176748784764,25.539240687187085,18475,8080,ICMP
4183.737874347501,21841.31985919703,7.558975407455534,24173,22,ICMP
4433.712623413344,9455.856897668009,12.830630567888171,3912,80,ICMP
5445.4453614003405,5009.712491879747,35.976736187923564,62571,8080,UDP
5915.255736935039,4203.722177134163,30.186442515425608,42402,443,TCP
878.4527919002901,3746.988587255483,84.9090627043124,64304,3306,UDP
3250.9034398660847,6781.40117170342,10.345566702526979,37678,3306,UDP
41638.59243756607,6779.08346185043,25.485039210185395,11228,80,TCP
6.904754231018997,12638.857716875831,20.649812876253097,22795,8080,ICMP
3634.6069003733764,1913.1273041849713,1.464556667957893,29401,443,ICMP
19929.10325616135,12935.42156514752,8.688716322107645,10528,8080,UDP
3208.4567803673035,9109.601832696517,89.34899865654104,61116,22,ICMP
368.0173385763176,3361.0117705132598,15.320759342511801,62820,443,ICMP
1730.343330671606,2329.4208047705615,3.188361693444255,37375,8080,TCP
1016.5664036282991,9025.569854859848,19.159886491087743,38723,443,UDP
6464.864494142691,5795.938918156387,40.36433902436125,46406,3306,ICMP
1915.8621892350122,1335.203379843514,60.54657853548611,44834,3306,UDP
5194.409404933973,4692.760932428325,31.323660559122402,5066,80,ICMP
2765.709406841279,9771.938874103158,9.754377716798352,35301,8080,UDP
5159.816185949078,9565.807437737272,33.71323004693104,51156,3306,TCP
4789.822121513286,6682.099742867186,30.632102913136315,53054,80,UDP
1099867.3368244215,9393.240135805028,76.77055266660261,39475,8080,UDP
1841.1966281058656,7442.8849822256225,30.203012372750194,58850,3306,ICMP
2129.6945214486836,6651.228315820473,20.345553267279733,38840,443,TCP
3240.250892531835,2524.3835552071405,5.956033121323925,25713,22,TCP
3712.2928005869976,10083.986122920282,22.883342947978157,29580,8080,TCP
1157.8134062798729,5602.500201614763,9.21510972981619,45538,443,UDP
4017.1312221571184,11750.090065051843,4.15594199071766,58211,443,ICMP
6665.389931546411,9072.154563175103,69.48176117641077,15854,443,UDP
1501.8525662986874,292.2356650760374,13.750308062213856,19957,443,ICMP
1074960.3324866008,4716.096327904126,48.51861168727486,43075,8080,ICMP
8918.364157660571,3601.553108166265,45.120559784080164,50282,443,UDP
8258.672066122517,2574.883102365716,13.743739756140492,26773,443,UDP
6969.057279051953,6785.24393452267,11.900055890202946,42516,3306,TCP
5330.092472436858,2274.5448288051603,35.239676822212665,1461,22,ICMP
3317.8799315625774,1331.704897615085,0.6148188342309832,19844,3306,ICMP
5500.205745290052,1357.8068392531961,38.80921763096695,62666,8080,ICMP
9604.638608341907,1569.5635284835419,8.336690937275135,38214,3306,ICMP
2849.6322784944878,6516.425650455714,6.020564896535218,57048,80,UDP
913.7344453449963,21802.52957444192,7.320466376598852,15064,3306,TCP
15739.17591263365,3093.1878823715724,55.30702774765058,19786,3306,ICMP
12994.9356793255,13551.99015500217,66.30661052755646,63917,80,UDP
2247.7105971301207,1558.140421785448,13.759139877475283,65390,443,ICMP
2502.759693453482,3266.3053782191464,31.66511997751377,57590,22,ICMP
7857.241273146454,13460.179143960902,164.65451716738198,21482,22,TCP
2933.0435362626226,9390.486204245182,5.29958770995722,52726,8080,UDP
3024.8968880927478,9610.213152770839,23.33764910104054,30624,8080,UDP
3948.7750465005392,11694.758305250929,6.381819692554169,55466,443,UDP
1358.2582408464825,22254.73602375079,81.17794762281135,55939,8080,TCP
4159.258002121637,8582.961462501315,1.9546691295522245,29077,3306,TCP
1222.3982294272205,1156.2387001533746,1.7841539446100683,20673,22,UDP
2234.3463301621887,12269.15271395761,14.810999522862158,63912,3306,TCP
1724.316423177533,11050.953667275688,3.166197945162705,30088,8080,TCP
405.3009313223368,12844.081747202466,10.977331089339243,28871,3306,TCP
10495.019609762467,2787.180498682281,47.78043156958009,43961,3306,ICMP
2000.1705339542164,6175.229699184499,12.270128460942862,61449,80,TCP
1846.6023844282952,590.1559059816232,0.9072630362034434,9440,3306,UDP
33020.39373396617,2790.669199712627,101.02868278452064,64533,80,TCP
4523.456479265337,4622.814649218806,4.237611173483438,28270,3306,UDP
271.29454896864195,3577.7136812016033,22.358151787719333,2675,3306,TCP
2845.539655651373,12579.97907060713,22.480655766000204,20984,443,TCP
2103.1043411075825,3493.592049317368,13.20908597579531,30860,80,UDP
329026.9922455937,34647.05884009954,0.2977721975085743,44683,22,ICMP
1053.6028170271247,2984.482145322244,17.39460600814518,37560,443,TCP
956.5733121040062,5602.541498584414,8.924166243846084,9795,22,UDP
483.31829065300036,583.9326166808067,32.99639484829913,32520,80,ICMP
6465.4408156128475,6593.808657635132,1.5042365724138358,16037,80,UDP
148.00585765299644,3739.48178083476,39.435416690339764,18412,22,ICMP
7747.405731198455,28979.490284937638,31.581494291916105,46915,8080,TCP
879.4497321946168,5446.622682808115,32.217839116517204,52844,443,ICMP
7261.4758236886155,586.8268438695861,32.34191544459323,11102,443,TCP
6438.521824176571,782.3703049809759,80.59467050267064,39883,80,UDP
5548.820538804428,662.7548019939211,3.3542275921555618,28248,443,UDP
196.30061185844175,3022.8446268582647,2.324159990300378,22742,443,TCP
2194.805429680867,2671.539922595305,2.2355151214404105,47012,443,ICMP
5343.969565727497,26355.709485379717,21.425780810920443,17076,443,ICMP
106.60172358861368,1475.5723199438903,3.251046007360156,50405,443,TCP
1899.712305031398,8198.352311462704,21.977053308937922,26876,8080,TCP
2581.8546016787996,3867.3053871301927,23.92219043769086,7144,443,ICMP
10510.519905283722,8544.059972984345,3.29399577431516,52132,8080,UDP
1339.6553331135558,2700.092909648692,47.864393016785094,55987,8080,TCP
1104.0824411154388,477.9506264665563,12.589354885907802,37348,8080,ICMP
17098.551651742768,1748.0986042705242,33.23762234661976,47728,22,ICMP
2285.4731416607547,3266.803229234222,33.678355430085944,10542,3306,UDP
2296.3145275316565,16916.85870089308,5.273743449518301,22912,443,TCP
7208.055227820703,9401.000307393162,66.68807210340672,23596,3306,TCP
6143.2346775862425,1822.5538075258662,9.16777728561304,50297,443,UDP
2905.5523111705406,4588.610909113701,96.25409536908603,23734,80,TCP
4823.835268851731,2853.888827538419,2.7978699886603446,48007,3306,UDP
2035.484487462415,177.66815149331268,0.4403638358538115,20818,3306,TCP
5972.930538185104,1206.9458513164568,5.683856402562093,39788,80,TCP
755.3352589374722,9748.91875687866,18.100452646846488,14558,22,TCP
756.4537114129039,6969.069779790775,22.29127691637694,37052,22,UDP
2201.585885803059,3729.3741961742726,31.12687013025625,6237,443,UDP
89.54192123324606,8329.799854518391,26.485423520344625,48420,22,UDP
1307.1897768880415,13528.232995573764,11.296616498547444,2901,8080,ICMP
3714.148622930248,12998.157391306639,36.7534134093913,65487,22,UDP
2134.46866133876,1077.8437711841393,2.051732177413629,55146,22,TCP
737.6555958936623,19296.934708324236,0.9950741951819432,38346,3306,ICMP
31193.327316453393,1367.8196695082424,4.0167832977028635,59701,443,ICMP
9803.38897119783,10241.880906911101,4.111416045337244,53195,8080,UDP
1501.1168689184506,839.2502310218186,14.520240769033647,10234,443,TCP
9199.801642214261,1775.9816986110611,27.436577937861422,49037,3306,ICMP
12874.397673217807,10495.352529847592,113.51930275270482,25364,443,ICMP
6957.389495456442,2525.5663788055954,7.734027259230422,56233,3306,UDP
282.747547953333,2426.3802585377402,27.033508976110262,56749,8080,TCP
4175.022568696135,20491.34244229033,4.65266341753748,62601,443,TCP
3686.38805690864,1316.0816063852626,1.5906206778270886,30117,8080,TCP
3833.891981342744,7162.420577484782,0.8863884721140334,13479,443,TCP
597.7558830854773,13877.888398694113,38.75961972788205,9092,443,TCP
6283.286802312471,7002.688905084403,117.96577892807883,11697,443,UDP
10675.420681647802,3983.0098183071827,81.03059084181685,65006,8080,TCP
432.4397516183327,178.04337971079636,17.127783433521657,38850,443,TCP
1583.5111061347257,8863.991497299427,1.3653855242153596,23718,22,ICMP
58.38792026794538,8759.302371304833,5.494113374816825,30008,22,ICMP
8693.221853484745,6601.777780124827,47.6235963298306,12176,80,TCP
24056.613634938814,6361.312028180874,7.4239275237676186,37841,443,ICMP
100.6541441542384,9272.62328915124,26.2751694210835,28484,443,ICMP
11435.305151552064,1210.3660866873024,10.830794311578646,52506,443,UDP
2945.3196050579013,3562.127556509062,21.350814547505177,2388,3306,UDP
14466.161854433922,16815.827817450907,48.84223424632083,61129,443,UDP
18799.829456068837,555.9976147990598,17.417725505667754,4937,22,TCP
8105.479362913209,23571.394445043636,146.58596941730008,27951,8080,UDP
672.5109194187229,11259.320384535125,13.82184469397085,22998,8080,ICMP
3990.7049091768395,3307.042630090505,13.322306744807253,47338,8080,UDP
944.7828282432429,5140.036759117291,19.997154363283553,43486,22,UDP
23658.50466611581,9500.419845709142,1.7799714300072764,13719,3306,TCP
3204.8779424970007,637.219724748245,48.986514635628694,32681,3306,ICMP
1267.5674159119305,5777.5625432343,14.30319204826138,35508,443,TCP
1784.3650310586015,7513.249958917812,35.74235826801334,30949,80,ICMP
16865.784036369536,12827.51387581239,23.04081548175133,2430,443,TCP
576.1994814566159,14076.249453707198,26.390977330262878,12513,3306,TCP
6564.074302972259,22482.66969952443,29.523639247036964,33521,3306,TCP
11058.253571774438,5867.370192750011,8.66178885989647,17826,8080,UDP
2597.6767017466277,15105.882498286019,47.96792471339908,36204,8080,ICMP
5462.517463849186,2302.2686293911347,0.02217119704771371,11582,443,UDP
4066.704767389758,6152.125748777357,2.2490758419656114,48468,22,TCP
3056.871042519271,8001.421655366648,39.89129820038019,13181,80,TCP
2563.5987574273367,4519.344303885542,81.90449920717236,42922,22,TCP
350.46291035305364,6971.1844294234215,8.636682181216372,54995,80,UDP
1703.8587445825476,18443.266539202865,4.622728600520529,24144,80,ICMP
972.33078357271,8353.568760971762,19.84538382381638,10021,3306,ICMP
3030.9448877688046,5329.865876723849,4.375029261803106,1393,3306,ICMP
701722.2884407329,17392.487734415423,0.7699220739631579,24283,8080,TCP
1364.3821512099762,18895.307759901774,20.254225490703153,8474,8080,UDP
1653.2629664566955,6569.025137904551,3.211781744359862,57912,443,TCP
1963.6108541759588,5176.682445524694,28.07442063214743,63797,22,UDP
7833.177409392598,13200.790232437495,13.669097372608011,64285,8080,UDP
9969.745208390174,21308.987039996024,79.38266760181953,60524,22,ICMP
747.9834573900475,4374.512182730662,24.777518460358195,38873,443,UDP
11690.430524192883,4720.852363116601,36.88149828984447,21996,443,TCP
7681.462893833674,13924.774776283328,18.850680546628997,29831,3306,UDP
47928.58876393853,5461.761805143796,31.258391747331842,17722,443,UDP
5530.687270893241,5669.1430617093165,49.70917337960217,55228,3306,UDP
4477.946923020654,8447.793657008715,20.284693315289232,29177,8080,TCP
3718.8568510586024,1130.6933616256497,20.193114052048877,25868,3306,UDP
40568.48226742426,6872.449620338606,5.273258034458049,45532,22,UDP
5218.620035154099,759.2767515042809,0.7763068446643951,25137,443,ICMP
3889.028518507967,661.8597897384416,9.642074981635329,24043,80,ICMP
1569.262096855002,11660.088573158318,21.94479308053893,15688,22,TCP
2974.0279288952493,6526.216763106279,43.636019823026906,5365,443,ICMP
7347.050897548368,151.8144207917828,20.19484153759634,3474,80,TCP
235.4079206017733,6353.565172478255,83.71194090281764,27008,3306,ICMP
2735.779069500743,7527.398697967628,29.346598289473018,65230,3306,UDP
9194.65112220889,1666.5080693585944,52.93550193298168,17834,443,ICMP
2803.632766572833,1658.5766581251473,169.3068606311389,42379,8080,ICMP
9791.272422981321,697.1100849957095,70.50517757801768,21985,22,UDP
895.4900837655559,4432.363454394311,89.59413101450899,20551,22,UDP
7376.521409308083,7978.40216195424,16.011759935950675,11536,8080,ICMP
13885.491595891028,27010.063578723875,5.255373713728503,37371,22,UDP
763.6537851202942,2072.2123795144307,12.988443520026573,43526,3306,UDP
8817.318379625041,7955.88950172926,2.5466827109337604,23615,80,UDP
1514.120305019256,4128.094731558698,3.6893966107816762,34997,8080,UDP
611.9544222303284,7427.672420585679,0.6754390256518408,31741,3306,TCP
516.6297918669743,10807.411954537734,0.044000470436820684,18497,3306,TCP
2595.9218244172257,3834.98738866079,69.49408794378414,45647,80,ICMP
72.9140935844849,713.5388514874579,104.52322080567704,36754,80,UDP
1407.1281738248529,12061.527117965228,33.582799629850086,5272,8080,UDP
2610.203978189623,5878.696675323347,25.841594328177127,32809,3306,TCP
2930.863323327236,18434.31909023309,20.298451892611123,26143,3306,ICMP
1158.3271826548155,1654.6123555537615,109.23723653048577,52373,3306,UDP
1912.579734251103,1123.137014494233,11.65063339066034,20804,80,TCP
1009.2216198155329,1452.8224433236435,45.64351303052238,62695,22,TCP
1393.434304933253,32569.348352568013,8.218634611757558,40698,8080,UDP
5988.460572110263,14648.272869965163,8.399999404781303,9453,8080,UDP
2673.8463483750675,2435.959969865565,36.87492455779561,27045,8080,TCP
6827.587247311947,2930.084472045684,43.47517204062348,58046,443,TCP
1382.7256040426942,7888.559142486982,3.7021195283312407,17447,22,TCP
136.2561633151096,4491.788796648555,32.152346894115766,46491,22,TCP
385649.26793638326,2658.3920356155263,30.292903334082983,51559,3306,ICMP
6288.709266545021,3138.560728112891,6.500762627626141,45701,443,UDP
499.7982601191457,16579.089575820883,76.81593220832157,6854,443,UDP
5658.436811162151,8920.293156605037,20.367993321357844,25170,80,TCP
613.0965852282329,16674.788735435955,12.662121143411264,23487,80,UDP
1794.7571943359635,21203.389484054504,12.375020195699506,23209,3306,ICMP
4077.2442600218956,8545.91863636161,12.828870565523268,57729,3306,ICMP
506.97860673199915,7904.602303939558,1.5007608963814767,1387,443,UDP
4876.902007201562,1275.925701974143,41.90550762024295,35796,8080,TCP
3804.4698589604554,5775.784363767426,88.82663189611942,64387,22,UDP
5360.550816045478,2890.4624783336626,64.50538252225287,57503,3306,TCP
400.67632639270585,19848.937003694926,13.832102995634912,40150,443,TCP
1454.8412772716238,2616.279267760952,37.86705210382576,65402,3306,ICMP
8230.222011208507,3248.1615843646136,12.330095621867258,26978,443,ICMP
118.8555129076762,20384.80401166604,4.782069546018072,40463,8080,ICMP
8707.119180039314,31167.18028339766,13.696316213934113,36103,443,UDP
6523.97195929168,7974.650566778696,14.042726687479174,4076,8080,ICMP
485.1647161679129,6623.053612783214,5.8900306274662135,3638,443,UDP
837.4531796935769,2705.356987557132,15.068107973721732,58882,3306,TCP
7513.54830429127,11727.966050526122,17.993609923738994,12226,8080,TCP
3301.366172920635,5530.641472752115,8.851782231910596,23914,443,TCP
2742.4018220876674,6090.774666777924,1.6427900079731208,41237,3306,ICMP
1555.8638824418215,5358.734050765352,7.569918082295184,38152,8080,TCP
2860.919622557764,5148.603569399296,61.60104288341116,34199,22,ICMP
2218.6824834618883,2653.3466454564605,24.461542708592464,64191,80,ICMP
2643.390305447631,33602.76246986175,11.326227618630524,51798,3306,UDP
8883.477785357012,10652.336486404647,8.899394513411023,61778,8080,ICMP
173.89931459490825,32558.228891514245,30.602550703065504,43520,8080,TCP
10934.71782696633,36094.46961824507,6.016336607639226,64188,3306,UDP
1690.4270173656548,3724.093135153325,7.319326030368313,39823,8080,TCP
1659.488479793449,5312.338801464392,52.93674642715813,35971,443,TCP
5658.3478454540755,12232.90325226817,17.12635790411275,53617,443,TCP
9814.404241764918,3270.2436297587174,5.073317110429247,57071,80,ICMP
4086.1774695788968,20479.59736442528,0.8137692997578114,5427,80,ICMP
1382.4155121531096,5131.517142884838,100.88152316393914,59766,8080,ICMP
546.1340955039365,3571.7705477318245,0.06192804113632595,45593,3306,ICMP
2700.427941716037,4305.661524154638,21.69831178302141,58931,80,ICMP
386.12532694564277,623.3615623198784,30.452516343395505,47187,22,ICMP
9524.970502005563,2904.828302496858,23.293661659687647,60820,80,TCP
1734.911372445533,32425.837894560907,14.09737988737233,18775,22,ICMP
6462.625888879292,4284.809324437191,55.30699361052651,13129,8080,ICMP
8183.072687487921,3789.4100733866962,61.47273172110395,13645,3306,TCP
4291.096079423576,7205.187978064733,14.810402278438156,17291,3306,TCP
6616.520547990776,6858.736851639983,20.422652331069447,14819,443,ICMP
4172.5334439247445,988.756691097097,20.651158857530383,29513,3306,ICMP
2125.422937036056,8580.515447726048,32.00018617518304,13806,8080,TCP
